sample,T_C,P_bar,SiO2_wtpc,TiO2_wtpc,Al2O3_wtpc,FeOT_wtpc,MnO_wtpc,MgO_wtpc,CaO_wtpc,Na2O_wtpc,K2O_wtpc,P2O5_wtpc,H2OT_wtpc,OH_wtpc,H2Omol_wtpc,H2_ppmw,CH4_ppmw,CO2T_ppmw,CO2mol_ppmw,CO2carb_ppmw,CO_ppmw,S2-_ppmw,S6+_ppmw,H2S_ppmw,H_H2OT/HT,H_H2/HT,H_CH4/HT,H_H2S/HT,C_CO2T/CT,C_CO/CT,C_CH4/CT,S2-/ST,S6+/ST,H2S/ST,Fe3+/FeT,sulf_XFe,sulf_XCu,sulf_XNi,H2OT-eq_wtpc,CO2T-eq_ppmw,ST_ppmw,X_ppmw,SCSS_ppm,sulfide saturated,SCAS_ppm,anhydrite saturated,ST melt if sat,graphite saturated,fO2_DNNO,fO2_DFMQ,fO2_bar,fH2_bar,fH2O_bar,fS2_bar,fSO2_bar,fH2S_bar,fCO2_bar,fCO_bar,fCH4_bar,fOCS_bar,fX_bar,pO2_bar,pH2_bar,pH2O_bar,pS2_bar,pSO2_bar,pH2S_bar,pCO2_bar,pCO_bar,pCH4_bar,pOCS_bar,pX_bar,xgO2_mf,xgH2_mf,xgH2O_mf,xgS2_mf,xgSO2_mf,xgH2S_mf,xgCO2_mf,xgCO_mf,xgCH4_mf,xgOCS_mf,xgX_mf,xgC_S_mf,yO2,yH2,yH2O,yS2,ySO2,yH2S,yCO2,yCO,yCH4,yOCS,yX,M_m_SO,M_m_ox,C_H2O_mf_bar,C_H2_ppm_bar,C_CO2T_mf_bar,C_CO_ppm_bar,C_CH4_ppm_bar,C_S_ppm,C_SO4_ppm_bar,C_H2S_ppm_bar,C_X_ppm_bar,KHOg,KHOSg,KCOg,KCOHg,KOCSg,KSOg,KSOg2,KHOm,KCOm,KCOs,density_gcm3,wt_g_wtpc,wt_g_O_wtf,wt_g_C_wtf,wt_g_H_wtf,wt_g_S_wtf,wt_g_X_wtf,wt_O_wtpc,wt_C_wtpc,wt_H_wtpc,wt_S_wtpc,wt_X_wtpc,Solving species,mass balance C,mass balance O,mass balance H,mass balance S,setup opt,COH_species opt,H2S_m opt,species X opt,Hspeciation opt,fO2 opt,NNObuffer opt,FMQbuffer opt,carbon dioxide opt,water opt,hydrogen opt,sulfide opt,sulfate opt,hydrogen sulfide opt,methane opt,carbon monoxide opt,species X solubility opt,Cspeccomp opt,Hspeccomp opt,SCSS opt,SCAS opt,sulfur_saturation opt,sulfur_is_sat opt,graphite_saturation opt,ideal_gas opt,y_CO2 opt,y_SO2 opt,y_H2S opt,y_H2 opt,y_O2 opt,y_S2 opt,y_CO opt,y_CH4 opt,y_H2O opt,y_OCS opt,y_X opt,KHOg opt,KHOSg opt,KOSg opt,KOSg2 opt,KCOg opt,KCOHg opt,KOCSg opt,KCOs opt,carbonylsulfide opt,density opt,Date
Ala02-16A,1111.076034742146,3241.5129293996874,44.01875494345362,0.7007761760386066,19.111167429395717,9.370378582459084,0.22024394104070497,6.767495642887117,13.294725168275281,1.461618881451951,0.37041026447754927,0.11012197052035248,4.280587855105972,0.0,4.280587863254491,1.751490227314987,6.228051874830055e-07,994.8741653923743,0.0,994.8741653927032,2.625930593861991,403.1568282286148,467.377133624543,715.8894033920642,0.9908768182219807,0.000362299479651523,3.237778635279936e-11,0.008760882265990139,0.995870035427802,0.004129962862014901,1.7101832553702856e-09,0.2611000967661715,0.30269167299447114,0.43620823023935734,0.217,1.0,0.0,0.0,4.32,999.0000000000001,1544.07,0.0,770.5872603500171,True,6593.724671676106,False,1092.4281769923791,False,0.4218918917696204,1.017205390829595,7.57730616264597e-09,6.180021727908835,1499.847433859852,2.9384670454561297,101.24299957065664,69.97941382131611,3826.175387642656,33.22851093895928,9.5852496027711e-05,18.875552422674076,0.0,4.041297373136013e-09,4.113107116198653,1431.4790294729362,1.6405696161526002,51.773781907389946,31.231452023584144,1699.6850390377253,15.286227524105414,4.1293774980112824e-05,6.315867951323082,0.0,1.2467318382359318e-12,0.0012688849946868423,0.4416083047177724,0.0005061123160339903,0.015972104086895682,0.00963483802280192,0.5243493011001189,0.004715769412937788,1.27390437365185e-08,0.0019484321330449702,0.0,18.587964557755182,1.874968719949961,1.5025190332559177,1.0477606747840997,1.7911260921357959,1.9554878133444928,2.240671159588475,2.251108469960317,2.173754831698012,2.3212335533351887,2.98859199846316,1.0,36.53447741061202,63.801886500306516,4.6114e-06,0.28341166171071813,2.067914462538518e-07,0.079026430004216,0.0064975375007756886,0.02047250685592474,413366041023814.9,10.23,0.0799,2788044.265354828,2.369300910646614e-06,1322807.279681028,1.563961094559868e+30,0.01344213413598852,7794526826.211181,487507606.5187566,0.7168126940577713,infinite,1230886677227432.5,2.480338117002652,1.260549275804661,,,,,,7.110831285119327,0.27292144788565975,0.512656401240633,0.1895001249581194,0.0,,,,,,False,yes_H2_CO_CH4_melt,True,Ar,none,Kress91A,Frost91,Frost91,MORB_Dixon95,Basalt_Hughes24,Basalt_Hughes24,ONeill21dil,ONeill22dil,Basalt_Hughes24,Basalt_Ardia13,Basalt_Hughes24,Ar_Basalt_HughesIP,Basalt,MORB_HughesIP,ONeill21hyd,Zajacz19_pss,False,no,False,False,Shi92,Shi92_Hughes23,Shi92_Hughes24,Shaw64,Shi92,Shi92,Shi92,Shi92,Holland91,Shi92,ideal,Ohmoto97,Ohmoto97,Ohmoto97,ONeill22,Ohmoto97,Ohmoto97,Moussallam19,Holloway92,COS,DensityX,2025-09-09 20:56:21.493247
Ala02-16A,1111.076034742146,3300.0,44.01747123125704,0.7007557394105054,19.11061009335221,9.370105315546187,0.22023751810044456,6.767298283450024,13.294337456245017,1.4615762564847685,0.37039946225983866,0.11011875905022228,4.291087215941744,0.0,4.291087215941744,1.7504389895380064,6.502596084525687e-07,1031.5093039973901,0.0,1031.5093039973901,2.731468076578989,409.6208171488659,474.7157178986596,730.7976728344356,0.9907188401305356,0.00036113850615347715,3.371696981139672e-11,0.008920021329593903,0.9958566807965588,0.004143317481309486,1.7221318017177604e-09,0.26058980675256166,0.3020014413590156,0.4374087518884227,0.21650974908047566,1.0,0.0,0.0,4.3312865791230495,1035.8009579976047,1571.8988484373604,0.0,770.3683789299979,True,6599.030466568213,False,1091.1708187523263,False,0.4198773502397426,1.0124866865224895,7.576068815526236e-09,6.209672359557533,1506.920379389703,3.032954531186994,102.84107713812598,71.43672266221265,4010.485437724158,34.832000028990116,0.00010145274199470631,20.102021845309753,0.0,3.9963350192509685e-09,4.1033981123294625,1433.5358068828243,1.6757204844111253,51.81839144693257,31.3761464730344,1755.0903486956033,15.811568630512602,4.305880531445516e-05,6.588577693506354,0.0,1.2110106118942328e-12,0.0012434539734331705,0.4344047899644922,0.0005077940861851895,0.01570254286270684,0.009507923173646788,0.5318455602107889,0.004791384433488667,1.304812282256217e-08,0.0019965386950019253,0.0,19.085188176182502,1.8957541795247728,1.5132999990664706,1.0511913076426398,1.8099405953450658,1.984644337010074,2.2767844586526107,2.2850592510549568,2.202943986327363,2.3561439118852623,3.051041177691831,1.0,36.53447741061202,63.801886500306516,4.6114e-06,0.28188910592743943,2.0453290233417322e-07,0.07841835307492052,0.006409482835727579,0.02047250685592474,413527740523673.25,10.23,0.0799,2788044.265354828,2.369300910646614e-06,1322807.279681028,1.563961094559868e+30,0.01344213413598852,7794526826.211181,487507606.5187566,0.7168126940577713,infinite,1234088240366492.8,2.4806827149856074,1.244077095860122,0.012440770942072146,0.01244077090920564,0.012440771042273648,0.01244077094085345,,7.110831286290628,0.2729214488570415,0.5126564010526089,0.1895001250042126,0.0,OCS,0.0,0.0,0.0,0.0,False,yes_H2_CO_CH4_melt,True,Ar,none,Kress91A,Frost91,Frost91,MORB_Dixon95,Basalt_Hughes24,Basalt_Hughes24,ONeill21dil,ONeill22dil,Basalt_Hughes24,Basalt_Ardia13,Basalt_Hughes24,Ar_Basalt_HughesIP,Basalt,MORB_HughesIP,ONeill21hyd,Zajacz19_pss,False,no,False,False,Shi92,Shi92_Hughes23,Shi92_Hughes24,Shaw64,Shi92,Shi92,Shi92,Shi92,Holland91,Shi92,ideal,Ohmoto97,Ohmoto97,Ohmoto97,ONeill22,Ohmoto97,Ohmoto97,Moussallam19,Holloway92,COS,DensityX,2025-09-09 20:56:21.844935
Ala02-16A,1111.076034742146,3400.0,44.01646311769889,0.7007396902976852,19.110172411118302,9.369890715980478,0.22023247409355823,6.7671432948747885,13.294032981647517,1.4615427826208864,0.370390979157348,0.11011623704677911,4.307352634264584,0.0,4.307352634264583,1.7391903166735685,6.855316613676396e-07,1096.3984542100661,0.0,1096.398454210066,2.9059565934995883,411.69240804513043,485.98078469063216,739.8509289383966,0.9906467942518408,0.0003574367954650518,3.540907702962267e-11,0.008995768917285082,0.9958529003476768,0.004147097944235359,1.7080878850939574e-09,0.25831629374171156,0.304928516236353,0.4367551900219355,0.21600442991538724,1.0,0.0,0.0,4.348020565208204,1100.9642627212177,1593.753154637541,0.0,770.276144619015,True,6607.249661786451,False,1095.4834798234492,False,0.4204665909062122,1.0084524048455208,7.644627144386284e-09,6.22685447982616,1517.9117935683682,3.0914339666788373,104.76737231531433,72.3216939333721,4342.920123275015,37.54975531546899,0.0001094803937393102,21.87839592363502,0.0,3.95727480669906e-09,4.064823957978492,1435.7591550024695,1.6777905676942109,51.468777408921795,30.908207226167313,1852.5378535321383,16.66171694555861,4.5295997699293176e-05,6.921633613774281,0.0,1.163904354911488e-12,0.001195536458228968,0.42228210441249103,0.0004934678140277091,0.01513787570850641,0.009090649184166856,0.544864074568276,0.004900504983987826,1.3322352264497994e-08,0.0020357745922865533,0.0,20.24863699492878,1.9317908201485279,1.5318878613682654,1.0572189550591844,1.842562490339541,2.035551990732804,2.3398864063569356,2.344308438823311,2.2536546166377143,2.4169992780845315,3.1608717167716422,1.0,36.53447741061202,63.801886500306516,4.6114e-06,0.27930479543214304,2.0072828597638914e-07,0.07738949479392349,0.006261684288421516,0.02047250685592474,413694476183724.06,10.23,0.0799,2788044.265354828,2.369300910646614e-06,1322807.279681028,1.563961094559868e+30,0.01344213413598852,7794526826.211181,487507606.5187566,0.7168126940577713,infinite,1239581510366286.5,2.4812559117944857,1.2169694920715888,0.012169694939769536,0.012169694971877983,0.012169694835679173,0.012169694935536858,,7.110831283770899,0.2729214468646045,0.512656401422894,0.18950012492143167,0.0,OCS,0.0,0.0,0.0,0.0,False,yes_H2_CO_CH4_melt,True,Ar,none,Kress91A,Frost91,Frost91,MORB_Dixon95,Basalt_Hughes24,Basalt_Hughes24,ONeill21dil,ONeill22dil,Basalt_Hughes24,Basalt_Ardia13,Basalt_Hughes24,Ar_Basalt_HughesIP,Basalt,MORB_HughesIP,ONeill21hyd,Zajacz19_pss,False,no,False,False,Shi92,Shi92_Hughes23,Shi92_Hughes24,Shaw64,Shi92,Shi92,Shi92,Shi92,Holland91,Shi92,ideal,Ohmoto97,Ohmoto97,Ohmoto97,ONeill22,Ohmoto97,Ohmoto97,Moussallam19,Holloway92,COS,DensityX,2025-09-09 20:56:22.181366
Ala02-16A,1111.076034742146,3500.0,44.015530140490704,0.7007248373514553,19.109767350056117,9.36969211087089,0.2202278060247431,6.766999857851198,13.29375120003904,1.4615118036187498,0.3703831283143407,0.11011390301237155,4.322348136714468,0.0,4.322348136714468,1.7273843769375732,7.209532494087151e-07,1162.8323205280356,0.0,1162.8323205280358,3.0855974951430216,413.4792497633311,496.71474591780753,748.0400806144352,0.9905830416894976,0.0003537560462132825,3.7107092553952e-11,0.009063202227181986,0.9958481289233725,0.0041518693829176116,1.6937099459113003e-09,0.2561863234684477,0.30775794587535893,0.4360557306561934,0.21548494851555042,1.0,0.0,0.0,4.363438454733132,1167.680378920019,1613.9786237037583,0.0,770.1584902543065,True,6614.826666559564,False,1099.6473223177777,False,0.42085944434568034,1.0042217359415488,7.710318498663438e-09,6.241809287074365,1528.0807998888788,3.1451235248645095,106.58127908493381,73.12219751851762,4692.731461573812,40.40107930147949,0.00011785493119963142,23.743251871086155,0.0,3.9169210339532785e-09,4.025227398572473,1436.9111766693538,1.6767161339721972,51.04900566140513,30.407575775364016,1951.1550884419587,17.524591096517607,4.753451374538091e-05,7.250571136521293,0.0,1.1191202954152224e-12,0.0011500649710207065,0.41054605047695825,0.0004790617525634849,0.014585430188972895,0.008687878792961148,0.5574728824119882,0.005007026027576459,1.3581289641537403e-08,0.002071591753291798,0.0,21.463368950101135,1.9684641155202334,1.5506724636943472,1.0634483360557114,1.8757638583781058,2.087822822482771,2.4047361768892035,2.4051042838019936,2.3053935512086086,2.4793549342047028,3.2746733221457345,1.0,36.53447741061202,63.801886500306516,4.6114e-06,0.2767441774478223,1.9699444114467607e-07,0.07637413525806538,0.006117293880453006,0.02047250685592474,413865954911365.3,10.23,0.0799,2788044.265354828,2.369300910646614e-06,1322807.279681028,1.563961094559868e+30,0.01344213413598852,7794526826.211181,487507606.5187566,0.7168126940577713,infinite,1245099232438714.8,2.4818300019876007,1.1912743120662823,0.011912743113208198,0.011912743099820211,0.011912743159168,0.011912743110454886,,7.110831285646237,0.27292144830740755,0.5126564011619008,0.18950012498220004,0.0,OCS,0.0,0.0,0.0,0.0,False,yes_H2_CO_CH4_melt,True,Ar,none,Kress91A,Frost91,Frost91,MORB_Dixon95,Basalt_Hughes24,Basalt_Hughes24,ONeill21dil,ONeill22dil,Basalt_Hughes24,Basalt_Ardia13,Basalt_Hughes24,Ar_Basalt_HughesIP,Basalt,MORB_HughesIP,ONeill21hyd,Zajacz19_pss,False,no,False,False,Shi92,Shi92_Hughes23,Shi92_Hughes24,Shaw64,Shi92,Shi92,Shi92,Shi92,Holland91,Shi92,ideal,Ohmoto97,Ohmoto97,Ohmoto97,ONeill22,Ohmoto97,Ohmoto97,Moussallam19,Holloway92,COS,DensityX,2025-09-09 20:56:22.523340
Ala02-16A,1111.076034742146,3600.0,44.01466633544117,0.7007110856222155,19.109392320754424,9.369508230605627,0.22022348405269634,6.766867055437396,13.293490310090034,1.4614831214406212,0.37037585954317115,0.11011174202634817,4.336197946329615,0.0,4.336197946329616,1.7151004217537507,7.564785452642263e-07,1230.7678588982233,0.0,1230.7678588982233,3.270343648805066,415.00828093792796,506.95307763790066,755.4362129224837,0.9905268397581305,0.00035009865384255586,3.8808999117205435e-11,0.00912306154921798,0.9958424598597587,0.004157538461178152,1.6790631306476984e-09,0.25418455590927463,0.3104989679121683,0.435316476178557,0.21495295517932175,1.0,0.0,0.0,4.377668299617645,1235.906188486428,1632.7045498628,0.0,770.0165993985784,True,6621.824360126217,False,1103.674446802454,False,0.4210751315001495,0.9998139007525797,7.773402615738981e-09,6.254764481952891,1537.5038328846501,3.1943510109317708,108.29096820120334,73.84518210385961,5060.401173165632,43.38931465699388,0.00012658116616914261,25.698187149495553,0.0,3.875494136086413e-09,3.984800923266683,1437.0853848841632,1.6728260598952414,50.56798559184464,29.88017541108276,2050.834450203069,18.39951210528928,4.977152764157865e-05,7.574814763608704,0.0,1.0765261489128925e-12,0.0011068891453518564,0.3991903846900453,0.00046467390552645593,0.014046662664401289,0.008300048725300766,0.5696762361675192,0.005110975584802577,1.3825424344882958e-08,0.002104115212113529,0.0,22.729999069563476,2.0057836092067447,1.569655448891365,1.0698764659753193,1.9095535916817394,2.1414926249043225,2.471377128411031,2.4674839905603116,2.3581774564837956,2.543244544967471,3.392582914760641,1.0,36.53447741061202,63.801886500306516,4.6114e-06,0.2742070347656405,1.9333005138333082e-07,0.07537209736217672,0.00597623302232332,0.02047250685592474,414041637446776.75,10.23,0.0799,2788044.265354828,2.369300910646614e-06,1322807.279681028,1.563961094559868e+30,0.01344213413598852,7794526826.211181,487507606.5187566,0.7168126940577713,infinite,1250641515426753.5,2.482404902966943,1.1668482731214667,0.011668482718663071,0.011668482699145697,0.01166848278975002,0.01166848271729988,,7.110831286005453,0.2729214485430379,0.5126564011264276,0.18950012498939856,0.0,OCS,0.0,0.0,0.0,0.0,False,yes_H2_CO_CH4_melt,True,Ar,none,Kress91A,Frost91,Frost91,MORB_Dixon95,Basalt_Hughes24,Basalt_Hughes24,ONeill21dil,ONeill22dil,Basalt_Hughes24,Basalt_Ardia13,Basalt_Hughes24,Ar_Basalt_HughesIP,Basalt,MORB_HughesIP,ONeill21hyd,Zajacz19_pss,False,no,False,False,Shi92,Shi92_Hughes23,Shi92_Hughes24,Shaw64,Shi92,Shi92,Shi92,Shi92,Holland91,Shi92,ideal,Ohmoto97,Ohmoto97,Ohmoto97,ONeill22,Ohmoto97,Ohmoto97,Moussallam19,Holloway92,COS,DensityX,2025-09-09 20:56:22.859016
Ala02-16A,1111.076034742146,3700.0,44.01386614432557,0.7006983466233317,19.10904491005629,9.36933789199198,0.22021948036733285,6.7667440331053195,13.293248633082639,1.4614565515286635,0.3703691260723326,0.11010974018366643,4.349012455983199,0.0,4.349012455983199,1.702407774753717,7.92066019086107e-07,1300.1664292316525,0.0,1300.1664292316523,3.46015699802616,416.3039686980496,516.7298052469789,762.1052256034648,0.9904775089456441,0.0003464665404074569,4.0512964847850986e-11,0.009176024473435566,0.9958359759122378,0.004164022423559724,1.6642024694347055e-09,0.2522975720512136,0.3131598184807793,0.43454260946800705,0.21440992148685656,1.0,0.0,0.0,4.390824038612134,1305.602991537469,1650.05142662865,0.0,769.8515047343167,True,6628.298611924471,False,1107.5759472334591,False,0.4211307973003766,0.9952460442093685,7.834115761104703e-09,6.265920805028067,1546.249451408822,3.2394332564491717,109.90419229869673,74.49708950180494,5446.436921815306,46.51798663962418,0.00013566433201864011,27.744941061144416,0.0,3.8331896137143025e-09,3.9437116687721367,1436.3666032126864,1.6664259034147844,50.03381600893842,29.331250784620615,2151.4783856982117,19.28587861340368,5.2004523725181955e-05,7.893876455303874,0.0,1.0359971928957575e-12,0.001065868018587064,0.38820719005748283,0.00045038537930129304,0.013522652975388762,0.00792736507692449,0.5814806447833004,0.005212399625244237,1.405527668248161e-08,0.0021334801230551014,0.0,24.049177869056297,2.0437589972267416,1.5888384677419745,1.0765005590845425,1.9439407715704808,2.196598242258048,2.539853825151784,2.5314857718395314,2.412023199570187,2.608702518564705,3.514742245871186,1.0,36.53447741061202,63.801886500306516,4.6114e-06,0.271693152168094,1.8973382472468552e-07,0.07438320632472913,0.005838424936756984,0.02047250685592474,414221042801828.4,10.23,0.0799,2788044.265354828,2.369300910646614e-06,1322807.279681028,1.563961094559868e+30,0.01344213413598852,7794526826.211181,487507606.5187566,0.7168126940577713,infinite,1256208468657869.5,2.482980540870767,1.143562964844084,0.011435629664488989,0.011435629684238854,0.011435629588113665,0.011435629656921846,,7.1108312839876175,0.2729214471428527,0.5126564013529646,0.18950012493995316,0.0,OCS,0.0,0.0,0.0,0.0,False,yes_H2_CO_CH4_melt,True,Ar,none,Kress91A,Frost91,Frost91,MORB_Dixon95,Basalt_Hughes24,Basalt_Hughes24,ONeill21dil,ONeill22dil,Basalt_Hughes24,Basalt_Ardia13,Basalt_Hughes24,Ar_Basalt_HughesIP,Basalt,MORB_HughesIP,ONeill21hyd,Zajacz19_pss,False,no,False,False,Shi92,Shi92_Hughes23,Shi92_Hughes24,Shaw64,Shi92,Shi92,Shi92,Shi92,Holland91,Shi92,ideal,Ohmoto97,Ohmoto97,Ohmoto97,ONeill22,Ohmoto97,Ohmoto97,Moussallam19,Holloway92,COS,DensityX,2025-09-09 20:56:23.200320
Ala02-16A,1111.076034742146,3800.0,44.01312441597444,0.7006865383484673,19.108722881531772,9.369179998488079,0.22021576919523259,6.766629998908057,13.293024613239496,1.461431922841089,0.3703628845556185,0.11010788459761629,4.360889777266676,0.0,4.360889777266676,1.6893672817002083,8.276783596006891e-07,1370.9934668178837,0.0,1370.9934668178837,3.6550083485216134,417.38846190653805,526.0772901361603,768.1078718776859,0.9904344299731347,0.0003428612757367173,4.221734311395986e-11,0.009222708708911218,0.995828750076548,0.0041712482742767825,1.6491751886777226e-09,0.25051360375965104,0.3157478699965392,0.4337385262438098,0.21385715234894453,1.0,0.0,0.0,4.403007049527715,1376.7361774928643,1666.1309232012443,0.0,769.6640989031282,True,6634.299068455222,False,1111.3618194743035,False,0.42104164725909143,0.9905333718246432,7.892670842329261e-09,6.275455962728524,1554.3790946259192,3.2806720584530087,111.42821082813511,75.08385844356653,5851.372628322162,49.79080913602012,0.0001451101267122124,29.88539308733433,0.0,3.790179774656003e-09,3.902105158636374,1434.8317469702142,1.6577970539562905,49.453807476798666,28.765424821874188,2252.998555013815,20.183162451552388,5.423128716109279e-05,8.207346054683777,0.0,9.974157301726324e-13,0.0010268697785885195,0.3775873018342669,0.00043626238262007644,0.013014159862315439,0.007569848637335313,0.5928943565825828,0.005311358539882207,1.4271391358182314e-08,0.00215982790912731,0.0,25.421594498795272,2.0824001265337344,1.6082231789267152,1.0833180252027046,1.9789346655091273,2.253177591642703,2.6102120482667184,2.597148859816416,2.4669478460344285,2.6757640157270486,3.6412980381495306,1.0,36.53447741061202,63.801886500306516,4.6114e-06,0.26920231641075576,1.8620449323359332e-07,0.07340728965734908,0.005703794616913055,0.02047250685592474,414403744355415.0,10.23,0.0799,2788044.265354828,2.369300910646614e-06,1322807.279681028,1.563961094559868e+30,0.01344213413598852,7794526826.211181,487507606.5187566,0.7168126940577713,infinite,1261800201946176.2,2.483556849976461,1.1213033653271403,0.011213033678089575,0.011213033706678224,0.011213033561091067,0.011213033667226743,,7.110831283371027,0.2729214467647183,0.5126564014044758,0.18950012492963503,0.0,OCS,0.0,0.0,0.0,0.0,False,yes_H2_CO_CH4_melt,True,Ar,none,Kress91A,Frost91,Frost91,MORB_Dixon95,Basalt_Hughes24,Basalt_Hughes24,ONeill21dil,ONeill22dil,Basalt_Hughes24,Basalt_Ardia13,Basalt_Hughes24,Ar_Basalt_HughesIP,Basalt,MORB_HughesIP,ONeill21hyd,Zajacz19_pss,False,no,False,False,Shi92,Shi92_Hughes23,Shi92_Hughes24,Shaw64,Shi92,Shi92,Shi92,Shi92,Holland91,Shi92,ideal,Ohmoto97,Ohmoto97,Ohmoto97,ONeill22,Ohmoto97,Ohmoto97,Moussallam19,Holloway92,COS,DensityX,2025-09-09 20:56:23.540911
Ala02-16A,1111.076034742146,3900.0,44.01243639906412,0.7006755851568087,19.108424172347828,9.369033538668187,0.22021232676356847,6.766524222371468,13.292816815546315,1.4614090776127728,0.3703570950114561,0.11010616338178424,4.371917152384535,0.0,4.371917152384534,1.6760323980413125,8.632820831665395e-07,1443.2181320365435,0.0,1443.2181320365432,3.8548767372416357,418.28176811199216,535.0260425721925,773.4999353697494,0.9903970399919806,0.0003392841395671649,4.3920655819779956e-11,0.009263675824531603,0.9958208467777857,0.004179151588192344,1.634021932501922e-09,0.24882231537435193,0.31826971397602444,0.43290797064962366,0.21329580505673965,1.0,0.0,0.0,4.414307571456328,1449.274873795239,1681.0460407567919,0.0,769.4551515142365,True,6639.869870090151,False,1115.0410436787372,False,0.42082116990682294,0.9856893721289364,7.949259427515899e-09,6.2835274511821675,1561.947803639207,3.318352288628992,112.86977827841966,75.61094187387582,6275.768622253909,53.21168504781763,0.00015492470237682084,32.121560519253244,0.0,3.746616278465922e-09,3.8601081391357033,1432.5505742689938,1.647197129806486,48.83453409600098,28.186756922039013,2355.314986044271,21.09090213281776,5.64498744424803e-05,8.514882396175938,0.0,9.606708406322877e-13,0.0009897713177271035,0.3673206600689728,0.0004223582384119195,0.01252167540923102,0.007227373569753593,0.603926919498531,0.0054079236237994256,1.4474326780123154e-08,0.002183303178506651,0.0,26.84797462715956,2.121716993865937,1.627811248984615,1.0903264650438205,2.0145447248434887,2.3112696858443558,2.682498809033124,2.6645135191849656,2.522968657894413,2.744464959522304,3.772402133666478,1.0,36.53447741061202,63.801886500306516,4.6114e-06,0.26673431620418697,1.8274081256038822e-07,0.07244417713473135,0.0055722687855600545,0.02047250685592474,414589363635557.25,10.23,0.0799,2788044.265354828,2.369300910646614e-06,1322807.279681028,1.563961094559868e+30,0.01344213413598852,7794526826.211181,487507606.5187566,0.7168126940577713,infinite,1267416825594600.5,2.4841337717654755,1.0999664522881956,0.010999664479938236,0.010999664431587843,0.010999664688931368,0.010999664491070382,,7.1108312881413855,0.27292144982254524,0.5126564009588596,0.18950012501999633,0.0,OCS,0.0,0.0,0.0,0.0,False,yes_H2_CO_CH4_melt,True,Ar,none,Kress91A,Frost91,Frost91,MORB_Dixon95,Basalt_Hughes24,Basalt_Hughes24,ONeill21dil,ONeill22dil,Basalt_Hughes24,Basalt_Ardia13,Basalt_Hughes24,Ar_Basalt_HughesIP,Basalt,MORB_HughesIP,ONeill21hyd,Zajacz19_pss,False,no,False,False,Shi92,Shi92_Hughes23,Shi92_Hughes24,Shaw64,Shi92,Shi92,Shi92,Shi92,Holland91,Shi92,ideal,Ohmoto97,Ohmoto97,Ohmoto97,ONeill22,Ohmoto97,Ohmoto97,Moussallam19,Holloway92,COS,DensityX,2025-09-09 20:56:23.851628
Ala02-16A,1111.076034742146,4000.0,44.01179772655439,0.7006654175253143,19.108146886511786,9.368897582909916,0.22020913122224164,6.766426032101608,13.292623921051677,1.4613878708385128,0.3703517206919519,0.11010456561112082,4.382172242364108,0.0,4.382172242364107,1.6624501508358163,8.98847171919958e-07,1516.8129606641457,0.0,1516.8129606641455,4.059748771792698,419.00193429191523,543.6046342521324,778.3324895252297,0.9903648283974849,0.0003357361726949857,4.5621577671737955e-11,0.009299435384198486,0.9958123229309512,0.004187675450271034,1.618777795190464e-09,0.24721461326489272,0.32073123875370474,0.43205414798140257,0.2127269065753192,1.0,0.0,0.0,4.4248060075547375,1523.191595179045,1694.8914498147033,0.0,769.2253246237129,True,6645.050304706543,False,1118.6216689735763,False,0.42048133852997616,0.9807260184086513,8.004053740754777e-09,6.290275094456409,1569.004906368044,3.3527409676083892,114.23514902528935,76.08333230940657,6720.211710025243,56.78470590213374,0.00016511465494352352,34.45559549266261,0.0,3.7026324802808865e-09,3.817831074420478,1429.58640149728,1.6348608891646692,48.18188991079874,27.59879970071706,2458.3552577193777,22.00869650650939,5.865858625699002e-05,8.816205106259243,0.0,9.256581200702217e-13,0.0009544577686051196,0.35739660037432,0.0004087152222911673,0.012045472477699685,0.006899699925179264,0.6145888144298445,0.005502174126627348,1.4664646564247506e-08,0.002204051276564811,0.0,28.329077836985924,2.1617197449063537,1.647604352272509,1.097523664694029,2.0507805831243964,2.3709146577018445,2.7567623641049073,2.733621061855641,2.580103091763696,2.814842045802761,3.9082116485924496,1.0,36.53447741061202,63.801886500306516,4.6114e-06,0.26428894219601357,1.7934156150215963e-07,0.07149370076494743,0.00544377585519226,0.02047250685592474,414777564675931.94,10.23,0.0799,2788044.265354828,2.369300910646614e-06,1322807.279681028,1.563961094559868e+30,0.01344213413598852,7794526826.211181,487507606.5187566,0.7168126940577713,infinite,1273058450397058.0,2.4847112540750103,1.0794598712295773,0.010794598781345439,0.010794598850475068,0.010794598465197628,0.010794598752164961,,7.110831280264865,0.2729214449241955,0.5126564016410127,0.18950012488421006,0.0,OCS,0.0,0.0,0.0,0.0,False,yes_H2_CO_CH4_melt,True,Ar,none,Kress91A,Frost91,Frost91,MORB_Dixon95,Basalt_Hughes24,Basalt_Hughes24,ONeill21dil,ONeill22dil,Basalt_Hughes24,Basalt_Ardia13,Basalt_Hughes24,Ar_Basalt_HughesIP,Basalt,MORB_HughesIP,ONeill21hyd,Zajacz19_pss,False,no,False,False,Shi92,Shi92_Hughes23,Shi92_Hughes24,Shaw64,Shi92,Shi92,Shi92,Shi92,Holland91,Shi92,ideal,Ohmoto97,Ohmoto97,Ohmoto97,ONeill22,Ohmoto97,Ohmoto97,Moussallam19,Holloway92,COS,DensityX,2025-09-09 20:56:24.138877
Ala02-16A,1111.076034742146,4100.0,44.01120439631095,0.7006559717402243,19.107889286458406,9.368771279269286,0.22020616254692765,6.766334812805595,13.292444721014544,1.4613681696296108,0.3703467279198329,0.11010308127346383,4.391724184225608,0.0,4.391724184225606,1.6486619089372911,9.343466780047403e-07,1591.7535528647024,0.0,1591.7535528647022,4.269618047810417,419.565224584014,551.8396846662217,782.6521696870142,0.9903373327207275,0.00033221821203581643,4.731891940429079e-11,0.00933044901991778,0.9958032288740682,0.004196769522458698,1.6034730496560339e-09,0.24568248507624216,0.32313770815230924,0.43117980677144857,0.21215136904925777,1.0,0.0,0.0,4.434573997286703,1598.461931745754,1707.7539103115598,0.0,768.9751866432015,True,6649.875344052937,False,1122.1109068342782,False,0.4200327919112645,0.9756539494465013,8.057208569637174e-09,6.295823020467854,1575.5945827192677,3.384087042662358,115.53009344023414,76.5055884347032,7185.3153311539345,60.51415215065416,0.00017568700234897762,36.889782457561054,0.0,3.658345557013191e-09,3.7753701569257663,1425.9967056458172,1.6210014665341939,47.50114655986128,27.00465157487342,2562.053775405347,22.936199145793246,6.085593857052298e-05,9.111087320966456,0.0,8.922794041495588e-13,0.0009208219894940894,0.3478040745477603,0.0003953662113498034,0.01158564550240519,0.006586500384115468,0.6248911647330115,0.005594194913608109,1.484291184646902e-08,0.002222216419747916,0.0,29.86569562250409,2.202418673706531,1.6676041709230596,1.1049075895345069,2.087652054934753,2.432153785901616,2.833052232597147,2.804513863108565,2.638368797114021,2.8869327542353576,4.048889134524065,1.0,36.53447741061202,63.801886500306516,4.6114e-06,0.2618659869531681,1.7600554157218843e-07,0.07055569476014312,0.005318245889065767,0.02047250685592474,414968048956756.25,10.23,0.0799,2788044.265354828,2.369300910646614e-06,1322807.279681028,1.563961094559868e+30,0.01344213413598852,7794526826.211181,487507606.5187566,0.7168126940577713,infinite,1278725187640639.0,2.4852892503377904,1.059700960342955,0.010597009564837162,0.01059700952791393,0.010597009742991416,0.010597009577975693,,7.110831287829993,0.27292144951965175,0.512656401024677,0.18950012500309593,0.0,OCS,0.0,0.0,0.0,0.0,False,yes_H2_CO_CH4_melt,True,Ar,none,Kress91A,Frost91,Frost91,MORB_Dixon95,Basalt_Hughes24,Basalt_Hughes24,ONeill21dil,ONeill22dil,Basalt_Hughes24,Basalt_Ardia13,Basalt_Hughes24,Ar_Basalt_HughesIP,Basalt,MORB_HughesIP,ONeill21hyd,Zajacz19_pss,False,no,False,False,Shi92,Shi92_Hughes23,Shi92_Hughes24,Shaw64,Shi92,Shi92,Shi92,Shi92,Holland91,Shi92,ideal,Ohmoto97,Ohmoto97,Ohmoto97,ONeill22,Ohmoto97,Ohmoto97,Moussallam19,Holloway92,COS,DensityX,2025-09-09 20:56:24.440058
Ala02-16A,1111.076034742146,4200.0,44.010652746361366,0.7006471895031374,19.107649782306993,9.368653848213382,0.22020340241527178,6.7662500014874425,13.292278109430953,1.4613498523922583,0.3703420858802299,0.11010170120763589,4.400634700779134,0.0,4.400634700779134,1.634704177593905,9.697564780104296e-07,1668.0182530778554,0.0,1668.0182530778554,4.484484510563371,419.98628947585104,559.7558960631861,786.5015262454162,0.9903141342388175,0.00032873093100163663,4.901161648845263e-11,0.009357134781169148,0.9957936091918448,0.0042063892200212005,1.5881339949546443e-09,0.24421885300783217,0.32549382283771666,0.4302873241544512,0.21157000353973718,1.0,0.0,0.0,4.443675545600065,1675.0642278489488,1719.7128080131554,0.0,768.7052246868706,True,6654.376206250378,False,1125.5152021597594,False,0.4194849943209782,0.9704826295127766,8.108863038011923e-09,6.30028186605445,1581.7564966182608,3.412621642066149,116.75992073327897,76.88186962320786,7671.719580064118,64.40449231499018,0.00018664918515864915,39.42653494803516,0.0,3.6138584106971957e-09,3.732809336783853,1421.8337828360677,1.6058117848705555,46.79700969365153,26.407007699898447,2666.351052082007,23.87311271586195,6.304064391007064e-05,9.399348956695398,0.0,8.604424787374275e-13,0.0008887641278056792,0.3385318530562066,0.0003823361392548942,0.011142145165155127,0.006287382785690106,0.634845488590954,0.005684074456157607,1.500967712144539e-08,0.0022379402277846188,0.0,31.45864818387004,2.2438242223351352,1.6878123948014723,1.1124763778387672,2.1251691351494473,2.495029522134586,2.911419214813329,2.877235379067469,2.6977836146267626,2.9607753598600577,4.1946027463902835,1.0,36.53447741061202,63.801886500306516,4.6114e-06,0.25946524494429307,1.7273157657739204e-07,0.06962999550762093,0.0051956105631329325,0.02047250685592474,415160550923553.2,10.23,0.0799,2788044.265354828,2.369300910646614e-06,1322807.279681028,1.563961094559868e+30,0.01344213413598852,7794526826.211181,487507606.5187566,0.7168126940577713,infinite,1284417149107803.8,2.485867718908785,1.0406154238608953,0.010406154225767465,0.010406154214038012,0.010406154285505417,0.010406154229124925,,7.110831286020485,0.27292144842213545,0.5126564011713253,0.189500124974095,0.0,OCS,0.0,0.0,0.0,0.0,False,yes_H2_CO_CH4_melt,True,Ar,none,Kress91A,Frost91,Frost91,MORB_Dixon95,Basalt_Hughes24,Basalt_Hughes24,ONeill21dil,ONeill22dil,Basalt_Hughes24,Basalt_Ardia13,Basalt_Hughes24,Ar_Basalt_HughesIP,Basalt,MORB_HughesIP,ONeill21hyd,Zajacz19_pss,False,no,False,False,Shi92,Shi92_Hughes23,Shi92_Hughes24,Shaw64,Shi92,Shi92,Shi92,Shi92,Holland91,Shi92,ideal,Ohmoto97,Ohmoto97,Ohmoto97,ONeill22,Ohmoto97,Ohmoto97,Moussallam19,Holloway92,COS,DensityX,2025-09-09 20:56:24.780583
Ala02-16A,1111.076034742146,4300.0,44.010139431650344,0.7006390175609561,19.107426921769505,9.368544577672214,0.22020083409058622,6.766171083874377,13.292123076013567,1.4613328080557086,0.3703377664250769,0.11010041704529311,4.408958895295082,0.0,4.408958895295083,1.6206091533796005,1.0050549212535332e-06,1745.5878849948156,0.0,1745.5878849948162,4.704353945018745,420.27832480691507,567.3761239814469,789.9193162672063,0.9902948541404198,0.0003252748600033574,5.0698714246970376e-11,0.009379870948878025,0.9957835034300504,0.004216494997166151,1.5727834100142502e-09,0.2428174556459282,0.32780378784158715,0.4293787565124846,0.21098353219145935,1.0,0.0,0.0,4.452167833510633,1752.9793162690564,1730.8406584234904,0.0,768.415855524508,True,6658.580758745076,False,1128.8403194974512,False,0.4188463771650657,0.9652204900134258,8.159142244856183e-09,6.303750194748084,1587.5262369860257,3.4385586729168507,117.92950626620714,77.21596444449719,8180.091405972592,68.4603835632438,0.00019800904324678148,42.068393385043606,0.0,3.5692613668097743e-09,3.6902217689640127,1417.145227003951,1.589466055385622,46.073673008712056,25.80820437733475,2771.193106533171,24.819184300090463,6.521158606262513e-05,9.680850913972725,0.0,8.300607829790172e-13,0.0008581911090613983,0.3295686574427793,0.0003696432686943307,0.010714807676444664,0.006001907994729012,0.644463513147249,0.005771903325602433,1.5165485130843055e-08,0.0022513606776680753,0.0,33.10878254400536,2.2859469807191144,1.708230721460892,1.1202283342140484,2.1633419985698397,2.559585519563589,2.991915412461229,2.9518301653853642,2.758365574608923,3.0364089451317127,4.345526416931467,1.0,36.53447741061202,63.801886500306516,4.6114e-06,0.2570865125223073,1.6951851220362953e-07,0.06871644154130188,0.00507580312885467,0.02047250685592474,415354834018468.44,10.23,0.0799,2788044.265354828,2.369300910646614e-06,1322807.279681028,1.563961094559868e+30,0.01344213413598852,7794526826.211181,487507606.5187566,0.7168126940577713,infinite,1290134447078586.8,2.4864466224691126,1.0221366256997975,0.010221366256620571,0.010221366255941907,0.01022136626046608,0.010221366254963338,,7.110831285145788,0.2729214479089148,0.5126564012357373,0.18950012496138716,0.0,OCS,0.0,0.0,0.0,0.0,False,yes_H2_CO_CH4_melt,True,Ar,none,Kress91A,Frost91,Frost91,MORB_Dixon95,Basalt_Hughes24,Basalt_Hughes24,ONeill21dil,ONeill22dil,Basalt_Hughes24,Basalt_Ardia13,Basalt_Hughes24,Ar_Basalt_HughesIP,Basalt,MORB_HughesIP,ONeill21hyd,Zajacz19_pss,False,no,False,False,Shi92,Shi92_Hughes23,Shi92_Hughes24,Shaw64,Shi92,Shi92,Shi92,Shi92,Holland91,Shi92,ideal,Ohmoto97,Ohmoto97,Ohmoto97,ONeill22,Ohmoto97,Ohmoto97,Moussallam19,Holloway92,COS,DensityX,2025-09-09 20:56:25.111027
Ala02-16A,1111.076034742146,4400.0,44.00966139866392,0.7006314073019047,19.10721937913337,9.368442817636897,0.22019844229488433,6.766097590515536,13.291978698527561,1.4613169352296869,0.37033374385957823,0.11009922114744217,4.416746081166651,0.0,4.416746081166651,1.6064052992911848,1.0402226036714567e-06,1824.445486958926,0.0,1824.445486958926,4.9292374402268,420.45321831099545,574.7214678260052,792.9408361648896,0.990279149656456,0.0003218504120836044,5.237935761810855e-11,0.009398999879081162,0.9957729467222551,0.004227051720303703,1.5574411136310455e-09,0.24147274022011866,0.33007136503025536,0.428455894749626,0.2103925989110396,1.0,0.0,0.0,4.460102065865866,1832.1902527723596,1741.2036568919707,0.0,768.1074352095742,True,6662.513938646023,False,1132.0914088006364,False,0.41812446322954955,0.9598750537344696,8.208158750388115e-09,6.306316091858358,1592.9358025650922,3.4620956242991854,119.04332070090119,77.51132318327363,8711.124733675411,72.68667159337953,0.0002097748114777083,44.81802254702666,0.0,3.5246336757547804e-09,3.6476712799763136,1411.9744427390897,1.5721212854355313,45.33486882563688,25.210260891323166,2876.530879519036,25.77420082244204,6.736780327736407e-05,9.955489793268173,0.0,8.010531081260864e-13,0.0008290161999946167,0.3209032824407022,0.0003573002921444389,0.010303379278553836,0.005729604748027992,0.6537570180725082,0.005857772914191373,1.5310864381219106e-08,0.0022626113166518574,0.0,34.81696980597467,2.328797686650481,1.7288608560964707,1.1281619230125408,2.202180999883903,2.6258666625628826,3.0745942502305232,3.0283438970528054,2.82013289545296,3.1138734124078784,4.501840037778178,1.0,36.53447741061202,63.801886500306516,4.6114e-06,0.2547295879071306,1.6636521560872082e-07,0.06781487351356132,0.0049587583768702275,0.02047250685592474,415550687197596.9,10.23,0.0799,2788044.265354828,2.369300910646614e-06,1322807.279681028,1.563961094559868e+30,0.01344213413598852,7794526826.211181,487507606.5187566,0.7168126940577713,infinite,1295877194332813.0,2.48702592750299,1.0042046130151903,0.010042046180066731,0.010042046217404437,0.010042045969104777,0.010042046154031667,,7.110831281622445,0.2729214459487958,0.5126564014577923,0.1895001249215467,0.0,OCS,0.0,0.0,0.0,0.0,False,yes_H2_CO_CH4_melt,True,Ar,none,Kress91A,Frost91,Frost91,MORB_Dixon95,Basalt_Hughes24,Basalt_Hughes24,ONeill21dil,ONeill22dil,Basalt_Hughes24,Basalt_Ardia13,Basalt_Hughes24,Ar_Basalt_HughesIP,Basalt,MORB_HughesIP,ONeill21hyd,Zajacz19_pss,False,no,False,False,Shi92,Shi92_Hughes23,Shi92_Hughes24,Shaw64,Shi92,Shi92,Shi92,Shi92,Holland91,Shi92,ideal,Ohmoto97,Ohmoto97,Ohmoto97,ONeill22,Ohmoto97,Ohmoto97,Moussallam19,Holloway92,COS,DensityX,2025-09-09 20:56:25.417837
Ala02-16A,1111.076034742146,4500.0,44.00921586166242,0.7006243143771592,19.107025944942816,9.368347975100303,0.22019621308996434,6.766029093127996,13.291844135612394,1.461302141415218,0.3703299947422128,0.11009810654498217,4.424040444351773,0.0,4.424040444351772,1.5921177957026247,1.0752421161636791e-06,1904.5760814321518,0.0,1904.5760814321518,5.1591509268496525,420.52168377697745,581.8113743066292,795.5982167876125,0.9902667106028643,0.0003184578997037879,5.4052780195671525e-11,0.009414831443379212,0.9957619703332277,0.004238028124648058,1.5421243465783527e-09,0.24017977271726143,0.33229992420413235,0.42752030307860617,0.20979777874329725,1.0,0.0,0.0,4.467524149790375,1912.682084850854,1750.8621938451647,0.0,767.7802675437252,True,6666.198088358906,False,1135.2730724828307,False,0.4173259757408445,0.9544530439023262,8.256013920379243e-09,6.30805837363595,1598.0139880195038,3.4834145011079203,120.10545984680056,77.77108668500614,9265.540677274737,77.08839124539323,0.00022195510676148805,47.67820964818943,0.0,3.4800448384316167e-09,3.605213527302953,1406.3610628116674,1.5539187534369674,44.58391491757914,24.614916367202294,2982.3197254522793,26.737985075596338,6.950847007698797e-05,10.223193292727377,0.0,7.733432974292482e-13,0.0008011585616228784,0.312524680624815,0.0003453152785415483,0.009907536648350921,0.005469981414933843,0.6627377167671732,0.0059417744612436305,1.5446326683775105e-08,0.002271820731717195,0.0,36.58410297889516,2.3723872259358747,1.7497045114980985,1.1362757618052042,2.2416966739112207,2.6939190977022918,3.1595104986271996,3.1068233892560215,2.8831039821228535,3.193209496851957,4.663729647184406,1.0,36.53447741061202,63.801886500306516,4.6114e-06,0.2523942711685675,1.6327057502303615e-07,0.06692513416743485,0.00484441260150472,0.02047250685592474,415747921873194.3,10.23,0.0799,2788044.265354828,2.369300910646614e-06,1322807.279681028,1.563961094559868e+30,0.01344213413598852,7794526826.211181,487507606.5187566,0.7168126940577713,infinite,1301645504152321.0,2.48760560383857,0.9867654283266608,0.009867654317786412,0.009867654342185903,0.009867654173961148,0.009867654299132972,,7.110831282702904,0.2729214465677496,0.5126564013814272,0.1895001249349431,0.0,OCS,0.0,0.0,0.0,0.0,False,yes_H2_CO_CH4_melt,True,Ar,none,Kress91A,Frost91,Frost91,MORB_Dixon95,Basalt_Hughes24,Basalt_Hughes24,ONeill21dil,ONeill22dil,Basalt_Hughes24,Basalt_Ardia13,Basalt_Hughes24,Ar_Basalt_HughesIP,Basalt,MORB_HughesIP,ONeill21hyd,Zajacz19_pss,False,no,False,False,Shi92,Shi92_Hughes23,Shi92_Hughes24,Shaw64,Shi92,Shi92,Shi92,Shi92,Holland91,Shi92,ideal,Ohmoto97,Ohmoto97,Ohmoto97,ONeill22,Ohmoto97,Ohmoto97,Moussallam19,Holloway92,COS,DensityX,2025-09-09 20:56:25.703049
Ala02-16A,1111.076034742146,4600.0,44.00880027939011,0.7006176983300676,19.10684551588713,9.36825950909919,0.2201941337608784,6.765965201016082,13.29171861974757,1.461288342231284,0.37032649768875003,0.1100970668804392,4.430881659905823,0.0,4.430881659905822,1.5777689561101085,1.1100978560620323e-06,1985.9664780328885,0.0,1985.9664780328885,5.394114784705126,420.4933828607353,588.6637468875415,797.9207142645671,0.990257256130643,0.0003150975509864546,5.5718295831985666e-11,0.009427646262652325,0.9957506021332139,0.004249396339937973,1.526848141817885e-09,0.23893415876488375,0.3344924864240781,0.4265733548110381,0.20919958608434652,1.0,0.0,0.0,4.474475326966212,1994.4416541434352,1759.8713596849486,0.0,767.4346114990241,True,6669.6532678392305,False,1138.389422574982,False,0.4164569338707853,0.9489604796888287,8.30279913408009e-09,6.309047737907648,1602.7867514808197,3.5026828232661122,121.11967414876139,77.99811478637018,9844.087851489878,81.6707678750172,0.00023455892399742252,50.65186304692411,0.0,3.4355557727718446e-09,3.5628970586347806,1400.3413430138078,1.5349854193222545,43.82375741047867,24.023663151686414,3088.5189730170882,27.710392304460342,7.16328834095374e-05,10.483916212834876,0.0,7.468599506025749e-13,0.000774542838833648,0.3044220310899582,0.00033369248246135967,0.009526903784886668,0.005222535467757916,0.6714171680471931,0.006023998327056596,1.5572365958595087e-08,0.002279112220181495,0.0,38.411094917634564,2.41672663266977,1.7707634080017818,1.1445686149859076,2.2818997360982487,2.7637902659574447,3.246720297978157,3.1873166192252533,2.947297424651446,3.274458779725635,4.831387624494162,1.0,36.53447741061202,63.801886500306516,4.6114e-06,0.2500803642093482,1.6023349935751536e-07,0.06604706830918837,0.00473270356609511,0.02047250685592474,415946369235386.25,10.23,0.0799,2788044.265354828,2.369300910646614e-06,1322807.279681028,1.563961094559868e+30,0.01344213413598852,7794526826.211181,487507606.5187566,0.7168126940577713,infinite,1307439490323199.0,2.4881856242458205,0.9697703959437417,0.009697703911158035,0.009697703880408463,0.009697704109396306,0.009697703936786869,,7.1108312884963345,0.2729214496661787,0.5126564010561178,0.1895001249896812,0.0,OCS,0.0,0.0,0.0,0.0,False,yes_H2_CO_CH4_melt,True,Ar,none,Kress91A,Frost91,Frost91,MORB_Dixon95,Basalt_Hughes24,Basalt_Hughes24,ONeill21dil,ONeill22dil,Basalt_Hughes24,Basalt_Ardia13,Basalt_Hughes24,Ar_Basalt_HughesIP,Basalt,MORB_HughesIP,ONeill21hyd,Zajacz19_pss,False,no,False,False,Shi92,Shi92_Hughes23,Shi92_Hughes24,Shaw64,Shi92,Shi92,Shi92,Shi92,Holland91,Shi92,ideal,Ohmoto97,Ohmoto97,Ohmoto97,ONeill22,Ohmoto97,Ohmoto97,Moussallam19,Holloway92,COS,DensityX,2025-09-09 20:56:26.030056
Ala02-16A,1111.076034742146,4700.0,44.008412333421454,0.7006115222514218,19.106677085399486,9.368176926104725,0.2201921927075897,6.765905557742302,13.291601450712687,1.4612754606958225,0.37032323319003724,0.11009609635379485,4.437305420079086,0.0,4.437305420079086,1.563378579307095,1.1447758353608754e-06,2068.6050695060226,0.0,2068.605069506022,5.6341534163463685,420.3770347501092,595.2950554658881,799.9349758049545,0.9902505317937519,0.00031176952254691437,5.737529006383782e-11,0.009437698626325923,0.9957388670086992,0.0042611314796753555,1.5116256238203643e-09,0.23773197601508717,0.3366517629395304,0.4256162610453825,0.20859848184597157,1.0,0.0,0.0,4.480992716097104,2077.4573917359708,1768.2814142066898,0.0,767.0706876985698,True,6672.897522021488,False,1141.4441330451275,False,0.41552273601021383,0.9434027594848171,8.348596859747259e-09,6.309347735444854,1607.2775317392845,3.5200546380334496,122.08939694906343,78.1950122976495,10447.542595292147,86.43921797398096,0.0002475956283153211,53.74201059006196,0.0,3.391219836261138e-09,3.5207642092210407,1393.9485060854004,1.5154352490362235,43.05700971455216,23.43777637315738,3195.091490458445,28.691306784173552,7.374044880200502e-05,10.737636796493424,0.0,7.215361353747102e-13,0.0007490987679193704,0.2965847885288086,0.0003224330317098348,0.009161065896713226,0.004986760930459017,0.6798067000975415,0.006104533358334798,1.5689457191915963e-08,0.0022846035737220053,0.0,40.29887600517824,2.461827089614954,1.792039273439666,1.1530393875545462,2.322801083234741,2.8355289361351157,3.3362811835342887,3.269872749025127,3.0127319966360613,3.3576637020493547,5.005012891441105,1.0,36.53447741061202,63.801886500306516,4.6114e-06,0.2477876707483242,1.5725291781897858e-07,0.06518052278124846,0.004623570469115737,0.02047250685592474,416145877916084.94,10.23,0.0799,2788044.265354828,2.369300910646614e-06,1322807.279681028,1.563961094559868e+30,0.01344213413598852,7794526826.211181,487507606.5187566,0.7168126940577713,infinite,1313259267138028.0,2.4887659640857804,0.9531755183323349,0.00953175521306488,0.009531755232877612,0.009531755090915039,0.009531755196435869,,7.110831283040539,0.27292144676154567,0.5126564013492446,0.189500124940687,0.0,OCS,0.0,0.0,0.0,0.0,False,yes_H2_CO_CH4_melt,True,Ar,none,Kress91A,Frost91,Frost91,MORB_Dixon95,Basalt_Hughes24,Basalt_Hughes24,ONeill21dil,ONeill22dil,Basalt_Hughes24,Basalt_Ardia13,Basalt_Hughes24,Ar_Basalt_HughesIP,Basalt,MORB_HughesIP,ONeill21hyd,Zajacz19_pss,False,no,False,False,Shi92,Shi92_Hughes23,Shi92_Hughes24,Shaw64,Shi92,Shi92,Shi92,Shi92,Holland91,Shi92,ideal,Ohmoto97,Ohmoto97,Ohmoto97,ONeill22,Ohmoto97,Ohmoto97,Moussallam19,Holloway92,COS,DensityX,2025-09-09 20:56:26.309190
Ala02-16A,1111.076034742146,4800.0,44.008049908425726,0.7006057524652719,19.106519735088632,9.368099775821353,0.22019037934622837,6.7658498380931995,13.291491989626875,1.4612634265704245,0.37032018344592954,0.11009518967311419,4.443343862794697,0.0,4.443343862794697,1.5489642317190158,1.1792634952545013e-06,2152.4816848886758,0.0,2152.4816848886758,5.879294961198249,420.18051498957163,601.7204452858103,801.6652736323238,0.9902463069524079,0.0003084739080057857,5.902321217853952e-11,0.00944521908056323,0.995726787219326,0.004273211284205906,1.4964682180510134e-09,0.23656971713987035,0.3387801919898021,0.4246500908703276,0.20799487973762518,1.0,0.0,0.0,4.487109754006129,2161.719170877899,1776.1382144323338,0.0,766.6886841014183,True,6675.947097808063,False,1144.440490793004,False,0.4145282327882871,0.937784733919452,8.393481617940294e-09,6.309015522565877,1611.5075051748704,3.535671527795137,123.0177714859013,78.36415187021741,11076.709431716223,91.39935168626961,0.0002610749452989753,56.95179931521284,0.0,3.347083724794092e-09,3.478851826564647,1387.2130272091558,1.4953704495211935,42.28598777939953,22.858339853352124,3302.00335512263,29.680639276087266,7.583066712201946e-05,10.984353719490215,0.0,6.973091093321025e-13,0.0007247607972009682,0.28900271400190747,0.0003115355103169153,0.0088095807873749,0.004762154136115026,0.687917365650548,0.006183466515851514,1.5798055650420723e-08,0.002288407024893795,0.0,42.2483927313387,2.507699928676463,1.8135338430886854,1.1616871191131748,2.364411794366562,2.909185239509337,3.4282521116127986,3.3545421492477114,3.0794266537212733,3.442867578612733,5.184811120399351,1.0,36.53447741061202,63.801886500306516,4.6114e-06,0.24551599630381843,1.5432777953259248e-07,0.06432534643548751,0.0045169539110849755,0.02047250685592474,416346311940616.1,10.23,0.0799,2788044.265354828,2.369300910646614e-06,1322807.279681028,1.563961094559868e+30,0.01344213413598852,7794526826.211181,487507606.5187566,0.7168126940577713,infinite,1319104949398138.0,2.4893466010030667,0.9369410632693296,0.009369410662127747,0.009369410681961829,0.009369410541635497,0.009369410645048109,,7.110831283063482,0.2729214467607547,0.512656401342859,0.18950012494244572,0.0,OCS,0.0,0.0,0.0,0.0,False,yes_H2_CO_CH4_melt,True,Ar,none,Kress91A,Frost91,Frost91,MORB_Dixon95,Basalt_Hughes24,Basalt_Hughes24,ONeill21dil,ONeill22dil,Basalt_Hughes24,Basalt_Ardia13,Basalt_Hughes24,Ar_Basalt_HughesIP,Basalt,MORB_HughesIP,ONeill21hyd,Zajacz19_pss,False,no,False,False,Shi92,Shi92_Hughes23,Shi92_Hughes24,Shaw64,Shi92,Shi92,Shi92,Shi92,Holland91,Shi92,ideal,Ohmoto97,Ohmoto97,Ohmoto97,ONeill22,Ohmoto97,Ohmoto97,Moussallam19,Holloway92,COS,DensityX,2025-09-09 20:56:26.621354
Ala02-16A,1111.076034742146,4900.0,44.00771107307941,0.7006003582250532,19.106372626451808,9.368027647123569,0.22018868401358815,6.7657977451448,13.291389653183867,1.4612521757265395,0.370317332204671,0.11009434200679408,4.449026009938513,0.0,4.449026009938513,1.5345415358044687,1.213549582890405e-06,2237.5874223834444,0.0,2237.5874223834444,6.129570939656071,419.9109436902725,607.9538406225482,803.1337408320358,0.990244372309089,0.00030521074921273443,6.066156942962458e-11,0.009450416881036703,0.9957143827097034,0.0042856158089105865,1.4813859127191259e-09,0.2354442378970741,0.3408799671283514,0.4236757949745745,0.207389151735024,1.0,0.0,0.0,4.492856646651884,2247.2181392962802,1783.4836283988361,0.0,766.288760953606,True,6678.8166659090275,False,1147.3814340819313,False,0.41347779060669865,0.9321107693944253,8.43752083287858e-09,6.308102690843019,1615.4958565180536,3.5496635776039267,123.90767598574885,78.50769705102988,11732.421380728738,96.5569740885956,0.00027500696174868254,60.284494456162754,0.0,3.303188258432761e-09,3.437191995943588,1380.16292606084,1.474882604038229,41.51274174620131,22.286269681643105,3409.223501489025,30.678324256820382,7.790312552145405e-05,11.224083250964838,0.0,6.741200527413797e-13,0.0007014677542742016,0.28166590327772245,0.0003009964498037202,0.008471988111469654,0.004548218302376144,0.6957598982630663,0.006260882501391915,1.5898597045194703e-08,0.0022906292348907832,0.0,44.26060544536192,2.5543566314569874,1.8352488596178347,1.1705109780979872,2.406743131883817,2.984810705669356,3.522693486729885,3.4413764235769357,3.1474005320590197,3.5301146123199807,5.370994949719445,1.0,36.53447741061202,63.801886500306516,4.6114e-06,0.2432651481771284,1.5145705317135951e-07,0.0634813901068596,0.004412795862235001,0.02047250685592474,416547548944756.6,10.23,0.0799,2788044.265354828,2.369300910646614e-06,1322807.279681028,1.563961094559868e+30,0.01344213413598852,7794526826.211181,487507606.5187566,0.7168126940577713,infinite,1324976652415870.5,2.4899275146581945,0.9210309857576409,0.009210309853915704,0.009210309857094657,0.009210309864296702,0.009210309854998574,,7.110831285374831,0.2729214478967271,0.5126564012334275,0.18950012496124066,0.0,OCS,0.0,0.0,0.0,0.0,False,yes_H2_CO_CH4_melt,True,Ar,none,Kress91A,Frost91,Frost91,MORB_Dixon95,Basalt_Hughes24,Basalt_Hughes24,ONeill21dil,ONeill22dil,Basalt_Hughes24,Basalt_Ardia13,Basalt_Hughes24,Ar_Basalt_HughesIP,Basalt,MORB_HughesIP,ONeill21hyd,Zajacz19_pss,False,no,False,False,Shi92,Shi92_Hughes23,Shi92_Hughes24,Shaw64,Shi92,Shi92,Shi92,Shi92,Holland91,Shi92,ideal,Ohmoto97,Ohmoto97,Ohmoto97,ONeill22,Ohmoto97,Ohmoto97,Moussallam19,Holloway92,COS,DensityX,2025-09-09 20:56:26.941056
Ala02-16A,1111.076034742146,5000.0,44.0073940631524,0.7005953114443184,19.106234993531483,9.367960164455457,0.22018709788250004,6.765749007662275,13.291293908543642,1.4612416495838643,0.37031466462056833,0.11009354894125002,4.454378108390757,0.0,4.454378108390757,1.5201243912406266,1.2476240182073111e-06,2323.91453259109,0.0,2323.91453259109,6.385016023825502,419.57476457938174,614.008044108683,804.3605714797617,0.9902445377736843,0.00030198004294452395,6.228992124075516e-11,0.009453482121081326,0.9957016713800163,0.004298327153596311,1.4663874261541593e-09,0.2343527139784486,0.34295306507702183,0.42269422094452946,0.20678163287661336,1.0,0.0,0.0,4.498260720937987,2333.9466020682735,1790.3559018222695,0.0,765.8710551294982,True,6681.5194934770625,False,1150.2695917265664,False,0.412375347370908,0.9263848038151945,8.480775592150343e-09,6.306655873306457,1619.2599880727262,3.562150302540868,124.76174711545612,78.62762184552903,12415.540496031084,101.91808826152385,0.00028940212222985625,63.74347971530824,0.0,3.2595690716176157e-09,3.395812603205338,1372.8240000262572,1.4540537141836916,40.739084392545806,21.722334602923247,3516.723459329036,31.68431791142816,7.995748788278839e-05,11.456856943363126,0.0,6.519138143235232e-13,0.0006791625206410676,0.27456480000525146,0.0002908107428367383,0.008147816878509162,0.004344466920584649,0.7033446918658072,0.006336863582285632,1.599149757655768e-08,0.0022913713886726253,0.0,46.336486999870566,2.6018088298836437,1.8571860730340501,1.1795102562613675,2.4498065427663143,3.0624582995852574,3.619667189683555,3.530428434199337,3.216672946737578,3.61944990885779,5.563784206298776,1.0,36.53447741061202,63.801886500306516,4.6114e-06,0.2410349354361798,1.4863972659249912e-07,0.0626485065873824,0.0043110396309270676,0.02047250685592474,416749478610871.9,10.23,0.0799,2788044.265354828,2.369300910646614e-06,1322807.279681028,1.563961094559868e+30,0.01344213413598852,7794526826.211181,487507606.5187566,0.7168126940577713,infinite,1330874492016855.5,2.490508686492819,0.9054125588090868,0.009054125617112541,0.009054125640332712,0.009054125498297282,0.009054125596620936,,7.110831283095095,0.2729214466784534,0.5126564013325743,0.18950012494826055,0.0,OCS,0.0,0.0,0.0,0.0,False,yes_H2_CO_CH4_melt,True,Ar,none,Kress91A,Frost91,Frost91,MORB_Dixon95,Basalt_Hughes24,Basalt_Hughes24,ONeill21dil,ONeill22dil,Basalt_Hughes24,Basalt_Ardia13,Basalt_Hughes24,Ar_Basalt_HughesIP,Basalt,MORB_HughesIP,ONeill21hyd,Zajacz19_pss,False,no,False,False,Shi92,Shi92_Hughes23,Shi92_Hughes24,Shaw64,Shi92,Shi92,Shi92,Shi92,Holland91,Shi92,ideal,Ohmoto97,Ohmoto97,Ohmoto97,ONeill22,Ohmoto97,Ohmoto97,Moussallam19,Holloway92,COS,DensityX,2025-09-09 20:56:27.243992
Ala02-16A,1111.076034742146,5100.0,44.00709756067415,0.7005905911410485,19.106106264118022,9.367897047257449,0.22018561435861525,6.765703423019269,13.29120435764732,1.4612318043799013,0.3703121696031257,0.11009280717930763,4.459433134206837,0.0,4.459433134206839,1.505690322684573,1.2817848202297185e-06,2412.2776249714334,0.0,2412.2776249714334,6.647749685726189,419.1597556949785,619.9359555248758,805.3328980021749,0.9902470212436596,0.00029877433339232527,6.392307979264015e-11,0.009454204359025026,0.9956887865699343,0.004311211978731728,1.4513339967474225e-09,0.23328338161839351,0.3450253850155242,0.42169123336608233,0.20617450386588726,1.0,0.0,0.0,4.503354252564373,2422.722498745347,1796.7836062177919,0.0,765.4372969900346,True,6684.0722439460305,False,1153.150516010722,False,0.4112482226582106,0.9206341567590588,8.523767666247905e-09,6.304571371701824,1622.822543403201,3.573129119295351,125.58729743352897,78.72266842641002,13131.429881681534,107.52257114723666,0.0003043441306851606,67.3522912970333,0.0,3.2228007949829324e-09,3.3546601902049216,1365.225785208033,1.4328653493739938,39.968174679924,21.166351258129197,3624.3424173006556,32.81649544033372,8.220612347335489e-05,11.693168334918488,0.0,6.319217245064573e-13,0.000657776507883318,0.2676913304329476,0.0002809539900733321,0.00783689699606353,0.004150264952574353,0.710655375941305,0.006434606949085043,1.6118847739873507e-08,0.002292778104885978,0.0,48.4698923935966,2.6448323084433913,1.8793472406266893,1.188684363411665,2.4936949734016665,3.1421824599013135,3.719236606553792,3.6231206574188937,3.2764793956360148,3.7022075464220903,5.759969357141972,1.0,36.53447741061202,63.801886500306516,4.6114e-06,0.23882516889933056,1.4587480648059256e-07,0.06182655060046,0.004211629832795116,0.02047250685592474,416951376492966.6,10.23,0.0799,2788044.265354828,2.369300910646614e-06,1322807.279681028,1.563961094559868e+30,0.01344213413598852,7794526826.211181,487507606.5187566,0.7168126940577713,infinite,1336798584542294.5,2.4910900088912067,0.8899529897722639,0.008899529865341406,0.008899529848772,0.008899530000035035,0.00889952987674211,,7.110831287376389,0.27292144902313553,0.5126564011406067,0.18950012498127414,0.0,OCS,0.0,0.0,0.0,0.0,False,yes_H2_CO_CH4_melt,True,Ar,none,Kress91A,Frost91,Frost91,MORB_Dixon95,Basalt_Hughes24,Basalt_Hughes24,ONeill21dil,ONeill22dil,Basalt_Hughes24,Basalt_Ardia13,Basalt_Hughes24,Ar_Basalt_HughesIP,Basalt,MORB_HughesIP,ONeill21hyd,Zajacz19_pss,False,no,False,False,Shi92,Shi92_Hughes23,Shi92_Hughes24,Shaw64,Shi92,Shi92,Shi92,Shi92,Holland91,Shi92,ideal,Ohmoto97,Ohmoto97,Ohmoto97,ONeill22,Ohmoto97,Ohmoto97,Moussallam19,Holloway92,COS,DensityX,2025-09-09 20:56:27.550785
