sample,iterations,T_C,T_C_sd,H2OT-eq_wtpc,H2OT-eq_wtpc_sd,CO2T-eq_ppmw,CO2T-eq_ppmw_sd,ST_ppmw,ST_ppmw_sd,X_ppmw,X_ppmw_sd,SCSS_ppm,SCSS_ppm_sd,sulfide saturated,P_bar_sulf,P_bar_sulf_sd,fO2_DFMQ_sulf,fO2_DFMQ_sulf_sd,fO2_bar_sulf,fO2_bar_sulf_sd,Fe3+/FeT_sulf,Fe3+/FeT_sulf_sd,S6+/ST_sulf,S6+/ST_sulf_sd,SCAS_ppm,SCAS_ppm_sd,anhydrite saturated,P_bar_anh,P_bar_anh_sd,fO2_DFMQ_anh,fO2_DFMQ_anh_sd,fO2_bar_anh,fO2_bar_anh_sd,Fe3+/FeT_anh,Fe3+/FeT_anh_sd,S6+/ST_anh,S6+/ST_anh_sd,setup opt,COH_species opt,H2S_m opt,species X opt,Hspeciation opt,fO2 opt,NNObuffer opt,FMQbuffer opt,carbon dioxide opt,water opt,hydrogen opt,sulfide opt,sulfate opt,hydrogen sulfide opt,methane opt,carbon monoxide opt,species X solubility opt,Cspeccomp opt,Hspeccomp opt,SCSS opt,SCAS opt,sulfur_saturation opt,sulfur_is_sat opt,graphite_saturation opt,ideal_gas opt,y_CO2 opt,y_SO2 opt,y_H2S opt,y_H2 opt,y_O2 opt,y_S2 opt,y_CO opt,y_CH4 opt,y_H2O opt,y_OCS opt,y_X opt,KHOg opt,KHOSg opt,KOSg opt,KOSg2 opt,KCOg opt,KCOHg opt,KOCSg opt,KCOs opt,carbonylsulfide opt,density opt,Date
TN273-01D-01-01,100,1028.7878319713905,48.84994173673033,1.8746747103735455,0.2351152182585506,28.753997472143816,43.89092638523964,361.5764303718869,91.32866873164784,0.0,0.0,487.1359757067532,64.68402047435757,Both,425.883907964788,96.82293050196441,1.0981221207948804,0.1724565867828114,1.4174581814037012e-10,1.1148785753680034e-10,0.21674995944977982,0.015769954533409528,0.11586190775182498,0.050641039045939786,2300.6190290682825,638.0152465037678,False,,,,,,,,,,,False,yes_H2_CO_CH4_melt,True,Ar,none,Kress91A,Frost91,Frost91,MORB_Dixon95,Basalt_Hughes24,Basalt_Hughes24,ONeill21dil,ONeill22dil,Basalt_Hughes24,Basalt_Ardia13,Basalt_Hughes24,Ar_Basalt_HughesIP,Basalt,MORB_HughesIP,ONeill21hyd,Zajacz19_pss,False,no,False,False,Shi92,Shi92_Hughes23,Shi92_Hughes24,Shaw64,Shi92,Shi92,Shi92,Shi92,Holland91,Shi92,ideal,Ohmoto97,Ohmoto97,Ohmoto97,ONeill22,Ohmoto97,Ohmoto97,Moussallam19,Holloway92,COS,DensityX,2025-09-09 19:27:16.738019
TN273-02D-01-02,100,1047.461083099022,47.31796781208243,1.590055801089853,0.2476442181387199,49.53111889815651,50.85797868549558,310.2569700557955,104.15420821143702,0.0,0.0,536.3781616417092,68.07133914451941,False,,,,,,,,,,,2469.202350987718,673.6166423457022,False,,,,,,,,,,,False,yes_H2_CO_CH4_melt,True,Ar,none,Kress91A,Frost91,Frost91,MORB_Dixon95,Basalt_Hughes24,Basalt_Hughes24,ONeill21dil,ONeill22dil,Basalt_Hughes24,Basalt_Ardia13,Basalt_Hughes24,Ar_Basalt_HughesIP,Basalt,MORB_HughesIP,ONeill21hyd,Zajacz19_pss,False,no,False,False,Shi92,Shi92_Hughes23,Shi92_Hughes24,Shaw64,Shi92,Shi92,Shi92,Shi92,Holland91,Shi92,ideal,Ohmoto97,Ohmoto97,Ohmoto97,ONeill22,Ohmoto97,Ohmoto97,Moussallam19,Holloway92,COS,DensityX,2025-09-09 19:27:21.687932
Agr07-4,100,1067.2322649596874,57.05998015435533,5.974769192621921,0.25228155027908705,187.11055810748752,63.43416695946096,1075.2658922221183,101.01287317842218,0.0,0.0,581.6178144814734,85.806093246336,possible,3164.41212382893,220.88851133884222,1.4171914331791198,0.14879289018392355,1.3514416563963511e-08,4.0070994998089885e-08,0.2567008472215314,0.01606090535780089,0.45505263302113225,0.09031196075422293,5915.492274428896,1844.8145141876307,False,,,,,,,,,,,False,yes_H2_CO_CH4_melt,True,Ar,none,Kress91A,Frost91,Frost91,MORB_Dixon95,Basalt_Hughes24,Basalt_Hughes24,ONeill21dil,ONeill22dil,Basalt_Hughes24,Basalt_Ardia13,Basalt_Hughes24,Ar_Basalt_HughesIP,Basalt,MORB_HughesIP,ONeill21hyd,Zajacz19_pss,False,no,False,False,Shi92,Shi92_Hughes23,Shi92_Hughes24,Shaw64,Shi92,Shi92,Shi92,Shi92,Holland91,Shi92,ideal,Ohmoto97,Ohmoto97,Ohmoto97,ONeill22,Ohmoto97,Ohmoto97,Moussallam19,Holloway92,COS,DensityX,2025-09-09 19:27:24.195335
Agr07-9,100,1061.5672509206877,52.8533843468126,4.3993934430818635,0.22693587412618776,372.30754991767407,78.47694047186968,827.4722447498067,91.3109018771511,0.0,0.0,597.0959919644772,75.0226285132528,Both,2311.7281295677576,199.48528709229416,1.1829678892362034,0.1721526010882114,2.9780903329555974e-09,3.4406574567248696e-09,0.24334944132242828,0.01765558204768423,0.2922487409144549,0.10304768356915356,4881.537463036451,1360.402432606603,False,,,,,,,,,,,False,yes_H2_CO_CH4_melt,True,Ar,none,Kress91A,Frost91,Frost91,MORB_Dixon95,Basalt_Hughes24,Basalt_Hughes24,ONeill21dil,ONeill22dil,Basalt_Hughes24,Basalt_Ardia13,Basalt_Hughes24,Ar_Basalt_HughesIP,Basalt,MORB_HughesIP,ONeill21hyd,Zajacz19_pss,False,no,False,False,Shi92,Shi92_Hughes23,Shi92_Hughes24,Shaw64,Shi92,Shi92,Shi92,Shi92,Holland91,Shi92,ideal,Ohmoto97,Ohmoto97,Ohmoto97,ONeill22,Ohmoto97,Ohmoto97,Moussallam19,Holloway92,COS,DensityX,2025-09-09 19:28:48.179154
Agr07-15A,100,1101.823168149923,46.5725619620282,3.4786827714688773,0.24635886905066756,436.00864278156075,79.80834800169228,1351.8372495979365,94.9906032447221,0.0,0.0,849.1854526854231,86.40481895677226,possible,1943.2860628738288,193.27940228189394,1.1628333038612102,0.1285498559536566,1.090112463572805e-08,1.3189721865034442e-08,0.23565323757735626,0.012572394506702176,0.368504036672496,0.07897038195623536,5495.0151742354965,1297.932481028753,False,,,,,,,,,,,False,yes_H2_CO_CH4_melt,True,Ar,none,Kress91A,Frost91,Frost91,MORB_Dixon95,Basalt_Hughes24,Basalt_Hughes24,ONeill21dil,ONeill22dil,Basalt_Hughes24,Basalt_Ardia13,Basalt_Hughes24,Ar_Basalt_HughesIP,Basalt,MORB_HughesIP,ONeill21hyd,Zajacz19_pss,False,no,False,False,Shi92,Shi92_Hughes23,Shi92_Hughes24,Shaw64,Shi92,Shi92,Shi92,Shi92,Holland91,Shi92,ideal,Ohmoto97,Ohmoto97,Ohmoto97,ONeill22,Ohmoto97,Ohmoto97,Moussallam19,Holloway92,COS,DensityX,2025-09-09 19:29:59.476579
Agr07-15B,100,1108.1401064905376,48.873173778036154,3.4194723031787424,0.2504608988312643,199.2678230729425,63.7039676459263,1357.054365781748,110.81926594330706,0.0,0.0,842.5335709600967,97.07834419768588,possible,1496.056143778414,177.6174088392742,1.186214936812235,0.14306640494221587,1.3751899607241155e-08,2.297342102293045e-08,0.23934929911713249,0.01381432390695605,0.3753570546548659,0.08595106087518478,5597.025012523171,1361.3720174192072,False,,,,,,,,,,,False,yes_H2_CO_CH4_melt,True,Ar,none,Kress91A,Frost91,Frost91,MORB_Dixon95,Basalt_Hughes24,Basalt_Hughes24,ONeill21dil,ONeill22dil,Basalt_Hughes24,Basalt_Ardia13,Basalt_Hughes24,Ar_Basalt_HughesIP,Basalt,MORB_HughesIP,ONeill21hyd,Zajacz19_pss,False,no,False,False,Shi92,Shi92_Hughes23,Shi92_Hughes24,Shaw64,Shi92,Shi92,Shi92,Shi92,Holland91,Shi92,ideal,Ohmoto97,Ohmoto97,Ohmoto97,ONeill22,Ohmoto97,Ohmoto97,Moussallam19,Holloway92,COS,DensityX,2025-09-09 19:31:15.013744
Agr04-13,100,1076.9664108165828,47.072663201129046,3.4163708038886687,0.21108314739361334,409.3042881049034,73.17354375585116,977.9380176903586,94.97558426315992,0.0,0.0,620.1969423443759,72.3291085353634,possible,1809.9270386369228,168.37911195737513,1.195657251688584,0.15061655850078823,5.847200758414837e-09,8.82149200955534e-09,0.2367329447986305,0.014372157853102623,0.35995756285471375,0.09527724144580851,4227.55166641847,1071.2326689626705,False,,,,,,,,,,,False,yes_H2_CO_CH4_melt,True,Ar,none,Kress91A,Frost91,Frost91,MORB_Dixon95,Basalt_Hughes24,Basalt_Hughes24,ONeill21dil,ONeill22dil,Basalt_Hughes24,Basalt_Ardia13,Basalt_Hughes24,Ar_Basalt_HughesIP,Basalt,MORB_HughesIP,ONeill21hyd,Zajacz19_pss,False,no,False,False,Shi92,Shi92_Hughes23,Shi92_Hughes24,Shaw64,Shi92,Shi92,Shi92,Shi92,Holland91,Shi92,ideal,Ohmoto97,Ohmoto97,Ohmoto97,ONeill22,Ohmoto97,Ohmoto97,Moussallam19,Holloway92,COS,DensityX,2025-09-09 19:32:23.250952
Agr04-14,100,1108.6773770100544,51.43066145892297,1.9929235678304715,0.24992148056544022,134.72184352812323,69.24531698741978,1504.665389503044,93.8996921878608,0.0,0.0,911.6538715516639,103.55027982232055,possible,758.6080326147014,184.95699493010443,1.1421684492058537,0.14655783665888902,1.0992847720149106e-08,1.3467672734307615e-08,0.23224919680027728,0.013876941214479185,0.39132215250978153,0.08295599348739469,4956.647291214117,1272.8264892357186,False,,,,,,,,,,,False,yes_H2_CO_CH4_melt,True,Ar,none,Kress91A,Frost91,Frost91,MORB_Dixon95,Basalt_Hughes24,Basalt_Hughes24,ONeill21dil,ONeill22dil,Basalt_Hughes24,Basalt_Ardia13,Basalt_Hughes24,Ar_Basalt_HughesIP,Basalt,MORB_HughesIP,ONeill21hyd,Zajacz19_pss,False,no,False,False,Shi92,Shi92_Hughes23,Shi92_Hughes24,Shaw64,Shi92,Shi92,Shi92,Shi92,Holland91,Shi92,ideal,Ohmoto97,Ohmoto97,Ohmoto97,ONeill22,Ohmoto97,Ohmoto97,Moussallam19,Holloway92,COS,DensityX,2025-09-09 19:33:41.844630
AGR19-02-4,100,1049.7940935013296,48.51357391573013,3.261741665157344,0.2957612189061766,638.8124450775568,68.86194574065198,1183.8185674889291,108.83438166540438,0.0,0.0,752.1879622220589,94.70796877600387,possible,2148.737011201165,192.3287401551951,1.1736310285216398,0.1493217915140337,3.0357187822307013e-09,6.3869665979928765e-09,0.24598646055500367,0.01532654743033279,0.3604015292222891,0.09016019709948134,4348.334782778836,1221.5414435104872,False,,,,,,,,,,,False,yes_H2_CO_CH4_melt,True,Ar,none,Kress91A,Frost91,Frost91,MORB_Dixon95,Basalt_Hughes24,Basalt_Hughes24,ONeill21dil,ONeill22dil,Basalt_Hughes24,Basalt_Ardia13,Basalt_Hughes24,Ar_Basalt_HughesIP,Basalt,MORB_HughesIP,ONeill21hyd,Zajacz19_pss,False,no,False,False,Shi92,Shi92_Hughes23,Shi92_Hughes24,Shaw64,Shi92,Shi92,Shi92,Shi92,Holland91,Shi92,ideal,Ohmoto97,Ohmoto97,Ohmoto97,ONeill22,Ohmoto97,Ohmoto97,Moussallam19,Holloway92,COS,DensityX,2025-09-09 19:34:50.994401
AGR19-02-7,100,1057.1689320320074,49.21863736156159,2.7238924574727363,0.26437805314268104,154.95204772404213,78.94792349879013,1397.4035748986487,101.99209021699838,0.0,0.0,771.3695426000077,95.56926689221811,possible,1052.9616532859714,198.95927812727763,1.2640653134694013,0.14255704037473446,3.403100378018002e-09,5.860985060997561e-09,0.2574594941191181,0.01567108601748828,0.4450146042274985,0.0812515889397922,4261.212672089951,1120.1112306725215,False,,,,,,,,,,,False,yes_H2_CO_CH4_melt,True,Ar,none,Kress91A,Frost91,Frost91,MORB_Dixon95,Basalt_Hughes24,Basalt_Hughes24,ONeill21dil,ONeill22dil,Basalt_Hughes24,Basalt_Ardia13,Basalt_Hughes24,Ar_Basalt_HughesIP,Basalt,MORB_HughesIP,ONeill21hyd,Zajacz19_pss,False,no,False,False,Shi92,Shi92_Hughes23,Shi92_Hughes24,Shaw64,Shi92,Shi92,Shi92,Shi92,Holland91,Shi92,ideal,Ohmoto97,Ohmoto97,Ohmoto97,ONeill22,Ohmoto97,Ohmoto97,Moussallam19,Holloway92,COS,DensityX,2025-09-09 19:36:30.446722
AGR19-02-10,100,1034.6724838046039,44.6174603301245,4.550752814766819,0.2423124858858472,482.47328563367586,67.81683684806791,1565.8822276206656,99.12341232618151,0.0,0.0,583.759602713052,68.29759879462742,possible,2631.838321643728,179.64220745671247,1.5333053337718827,0.10428809917641217,4.131846632472001e-09,7.651309992097679e-09,0.27383365705833596,0.012782315964324779,0.6261348015297636,0.04670908513575383,4465.727227967019,1135.3502901370273,False,,,,,,,,,,,False,yes_H2_CO_CH4_melt,True,Ar,none,Kress91A,Frost91,Frost91,MORB_Dixon95,Basalt_Hughes24,Basalt_Hughes24,ONeill21dil,ONeill22dil,Basalt_Hughes24,Basalt_Ardia13,Basalt_Hughes24,Ar_Basalt_HughesIP,Basalt,MORB_HughesIP,ONeill21hyd,Zajacz19_pss,False,no,False,False,Shi92,Shi92_Hughes23,Shi92_Hughes24,Shaw64,Shi92,Shi92,Shi92,Shi92,Holland91,Shi92,ideal,Ohmoto97,Ohmoto97,Ohmoto97,ONeill22,Ohmoto97,Ohmoto97,Moussallam19,Holloway92,COS,DensityX,2025-09-09 19:37:46.307002
AGR19-02-11,100,1051.6114919598876,53.83294628465021,3.4768681482903068,0.24398646966771015,415.53271115865766,75.71243942706681,1126.3767114394689,103.60261031600974,0.0,0.0,689.6517130468161,94.46511792083611,possible,1880.334508987821,188.66806871891845,1.2398898932546114,0.15531211435168205,3.7060475337288785e-09,7.649489611017545e-09,0.2489993613153481,0.016576898583443057,0.38475254007857795,0.08703301981912684,4401.674939856828,1294.0778496316852,False,,,,,,,,,,,False,yes_H2_CO_CH4_melt,True,Ar,none,Kress91A,Frost91,Frost91,MORB_Dixon95,Basalt_Hughes24,Basalt_Hughes24,ONeill21dil,ONeill22dil,Basalt_Hughes24,Basalt_Ardia13,Basalt_Hughes24,Ar_Basalt_HughesIP,Basalt,MORB_HughesIP,ONeill21hyd,Zajacz19_pss,False,no,False,False,Shi92,Shi92_Hughes23,Shi92_Hughes24,Shaw64,Shi92,Shi92,Shi92,Shi92,Holland91,Shi92,ideal,Ohmoto97,Ohmoto97,Ohmoto97,ONeill22,Ohmoto97,Ohmoto97,Moussallam19,Holloway92,COS,DensityX,2025-09-09 19:39:49.286137
AGR19-02-12B,100,1045.0877981564363,53.0727621871331,2.9705039566669638,0.2564593343596233,430.398593845677,77.92081799215265,1457.7955341735535,96.66658824978744,0.0,0.0,791.0466482431519,99.9535363075051,possible,1680.3524263534841,182.45260396364083,1.2960687489860019,0.14593560275899256,2.8628461346317422e-09,3.988824922614725e-09,0.25817839800651043,0.01669589924492603,0.4546711782951124,0.08057514091642236,4206.677132333671,1174.2527527744187,False,,,,,,,,,,,False,yes_H2_CO_CH4_melt,True,Ar,none,Kress91A,Frost91,Frost91,MORB_Dixon95,Basalt_Hughes24,Basalt_Hughes24,ONeill21dil,ONeill22dil,Basalt_Hughes24,Basalt_Ardia13,Basalt_Hughes24,Ar_Basalt_HughesIP,Basalt,MORB_HughesIP,ONeill21hyd,Zajacz19_pss,False,no,False,False,Shi92,Shi92_Hughes23,Shi92_Hughes24,Shaw64,Shi92,Shi92,Shi92,Shi92,Holland91,Shi92,ideal,Ohmoto97,Ohmoto97,Ohmoto97,ONeill22,Ohmoto97,Ohmoto97,Moussallam19,Holloway92,COS,DensityX,2025-09-09 19:41:26.750259
AGR19-02-13,100,1046.6682518535679,57.05415292837102,3.319705185991988,0.25640408076843174,125.91480347628074,70.15025783753143,1027.6058161538408,100.97335728168301,0.0,0.0,714.0667687407778,97.71413634885985,Both,1275.7606992223493,194.75267138108788,1.2510980129750657,0.18498768309626112,2.3871269014164807e-09,3.273698938068727e-09,0.24802562680770093,0.01898905876978191,0.312751505836419,0.10005547026491876,4084.0615103389364,1286.590801549431,False,,,,,,,,,,,False,yes_H2_CO_CH4_melt,True,Ar,none,Kress91A,Frost91,Frost91,MORB_Dixon95,Basalt_Hughes24,Basalt_Hughes24,ONeill21dil,ONeill22dil,Basalt_Hughes24,Basalt_Ardia13,Basalt_Hughes24,Ar_Basalt_HughesIP,Basalt,MORB_HughesIP,ONeill21hyd,Zajacz19_pss,False,no,False,False,Shi92,Shi92_Hughes23,Shi92_Hughes24,Shaw64,Shi92,Shi92,Shi92,Shi92,Holland91,Shi92,ideal,Ohmoto97,Ohmoto97,Ohmoto97,ONeill22,Ohmoto97,Ohmoto97,Moussallam19,Holloway92,COS,DensityX,2025-09-09 19:43:01.416739
AGR19-02-14,100,1077.8712267922003,50.65662251800683,3.58708604997759,0.2527057364171216,445.61429499914277,77.39760967202747,1170.590090062151,93.67111432492848,0.0,0.0,741.4623054608406,87.66384868935076,possible,1996.6522157145685,169.5440713010393,1.2006529814732354,0.15029916949633662,6.636270439727705e-09,1.0082543426171474e-08,0.23658130409962616,0.01470626448988266,0.36301669433069106,0.08821456897687456,4958.465869004552,1353.78511596672,False,,,,,,,,,,,False,yes_H2_CO_CH4_melt,True,Ar,none,Kress91A,Frost91,Frost91,MORB_Dixon95,Basalt_Hughes24,Basalt_Hughes24,ONeill21dil,ONeill22dil,Basalt_Hughes24,Basalt_Ardia13,Basalt_Hughes24,Ar_Basalt_HughesIP,Basalt,MORB_HughesIP,ONeill21hyd,Zajacz19_pss,False,no,False,False,Shi92,Shi92_Hughes23,Shi92_Hughes24,Shaw64,Shi92,Shi92,Shi92,Shi92,Holland91,Shi92,ideal,Ohmoto97,Ohmoto97,Ohmoto97,ONeill22,Ohmoto97,Ohmoto97,Moussallam19,Holloway92,COS,DensityX,2025-09-09 19:44:22.326111
AGR19-02-15,100,1039.9946816602894,57.599061378317266,4.2388506344499595,0.24653581827026413,908.5379520556452,71.32053922498868,1313.1133880190573,86.41801300140958,0.0,0.0,659.4236561173999,91.86225205078726,possible,3065.0060997998594,172.4877068144767,1.3219297015640012,0.14410520835910112,4.386787359232528e-09,7.42145440220295e-09,0.26145830288423194,0.017022649939402886,0.49559196700450375,0.07902470752728925,4761.0833024486,1548.1962004955428,False,,,,,,,,,,,False,yes_H2_CO_CH4_melt,True,Ar,none,Kress91A,Frost91,Frost91,MORB_Dixon95,Basalt_Hughes24,Basalt_Hughes24,ONeill21dil,ONeill22dil,Basalt_Hughes24,Basalt_Ardia13,Basalt_Hughes24,Ar_Basalt_HughesIP,Basalt,MORB_HughesIP,ONeill21hyd,Zajacz19_pss,False,no,False,False,Shi92,Shi92_Hughes23,Shi92_Hughes24,Shaw64,Shi92,Shi92,Shi92,Shi92,Holland91,Shi92,ideal,Ohmoto97,Ohmoto97,Ohmoto97,ONeill22,Ohmoto97,Ohmoto97,Moussallam19,Holloway92,COS,DensityX,2025-09-09 19:46:14.048025
AGR19-02-16,100,1083.7395947295288,48.2911638225377,4.326735034247773,0.26311896798145434,544.1248577166951,81.15991672514572,1535.3042707077734,100.99709109894248,0.0,0.0,764.58901806294,87.25444874129413,possible,2608.1811183877317,204.34837209024408,1.323712394465314,0.1136986545947512,1.1432710360321685e-08,1.549741795048455e-08,0.2512847984588764,0.012240189035936056,0.49989559932304417,0.0653021746634246,5618.183046524878,1420.54872469053,False,,,,,,,,,,,False,yes_H2_CO_CH4_melt,True,Ar,none,Kress91A,Frost91,Frost91,MORB_Dixon95,Basalt_Hughes24,Basalt_Hughes24,ONeill21dil,ONeill22dil,Basalt_Hughes24,Basalt_Ardia13,Basalt_Hughes24,Ar_Basalt_HughesIP,Basalt,MORB_HughesIP,ONeill21hyd,Zajacz19_pss,False,no,False,False,Shi92,Shi92_Hughes23,Shi92_Hughes24,Shaw64,Shi92,Shi92,Shi92,Shi92,Holland91,Shi92,ideal,Ohmoto97,Ohmoto97,Ohmoto97,ONeill22,Ohmoto97,Ohmoto97,Moussallam19,Holloway92,COS,DensityX,2025-09-09 19:48:40.751945
AGR19-02-17,100,1037.062873313172,43.50923935512385,4.173561968857569,0.2587499670356536,396.08209507437414,82.11401201478863,1024.8538100660378,102.76329805813353,0.0,0.0,521.0379072256192,60.86916818368876,possible,2219.6774473848754,199.47809059597688,1.4225318651027714,0.1223966234228391,2.7921844773967396e-09,3.5742115752118293e-09,0.26288145081546505,0.013871679622331693,0.4870168566838214,0.07564165728994945,3854.369953946849,945.4358664138169,False,,,,,,,,,,,False,yes_H2_CO_CH4_melt,True,Ar,none,Kress91A,Frost91,Frost91,MORB_Dixon95,Basalt_Hughes24,Basalt_Hughes24,ONeill21dil,ONeill22dil,Basalt_Hughes24,Basalt_Ardia13,Basalt_Hughes24,Ar_Basalt_HughesIP,Basalt,MORB_HughesIP,ONeill21hyd,Zajacz19_pss,False,no,False,False,Shi92,Shi92_Hughes23,Shi92_Hughes24,Shaw64,Shi92,Shi92,Shi92,Shi92,Holland91,Shi92,ideal,Ohmoto97,Ohmoto97,Ohmoto97,ONeill22,Ohmoto97,Ohmoto97,Moussallam19,Holloway92,COS,DensityX,2025-09-09 19:50:46.660812
Ala02-1,100,1116.3469434226329,47.594620876515215,3.980846384375389,0.25141250918110164,219.41397511775332,72.96490577216446,1017.2114135536543,88.24930562274284,0.0,0.0,782.0735995302041,83.12773606714892,Both,1802.1118726770906,180.78258990330895,1.035498009867135,0.16945054121096467,1.040904222870751e-08,1.1302953091829198e-08,0.2201435235548079,0.014774404809491446,0.23485422314280685,0.08804721992984907,6507.544706200148,1520.7831322207835,False,,,,,,,,,,,False,yes_H2_CO_CH4_melt,True,Ar,none,Kress91A,Frost91,Frost91,MORB_Dixon95,Basalt_Hughes24,Basalt_Hughes24,ONeill21dil,ONeill22dil,Basalt_Hughes24,Basalt_Ardia13,Basalt_Hughes24,Ar_Basalt_HughesIP,Basalt,MORB_HughesIP,ONeill21hyd,Zajacz19_pss,False,no,False,False,Shi92,Shi92_Hughes23,Shi92_Hughes24,Shaw64,Shi92,Shi92,Shi92,Shi92,Holland91,Shi92,ideal,Ohmoto97,Ohmoto97,Ohmoto97,ONeill22,Ohmoto97,Ohmoto97,Moussallam19,Holloway92,COS,DensityX,2025-09-09 19:52:40.282620
Ala02-2,100,1099.819655083705,52.47328618117334,3.106472293797973,0.21654354038287038,184.07532521742917,80.69329683399029,564.146510926101,101.08079334065891,0.0,0.0,674.1486935215542,77.30642584262785,Both,1239.9416326838873,194.94818673913653,0.9412535288524246,0.12162103772867416,7.902604137635689e-10,9.910157134342697e-10,0.20826793824471218,0.010357915442075356,0.09248517294832287,0.0498143793379955,4764.091651695139,1248.8010528452403,False,,,,,,,,,,,False,yes_H2_CO_CH4_melt,True,Ar,none,Kress91A,Frost91,Frost91,MORB_Dixon95,Basalt_Hughes24,Basalt_Hughes24,ONeill21dil,ONeill22dil,Basalt_Hughes24,Basalt_Ardia13,Basalt_Hughes24,Ar_Basalt_HughesIP,Basalt,MORB_HughesIP,ONeill21hyd,Zajacz19_pss,False,no,False,False,Shi92,Shi92_Hughes23,Shi92_Hughes24,Shaw64,Shi92,Shi92,Shi92,Shi92,Holland91,Shi92,ideal,Ohmoto97,Ohmoto97,Ohmoto97,ONeill22,Ohmoto97,Ohmoto97,Moussallam19,Holloway92,COS,DensityX,2025-09-09 19:54:28.530443
Ala02-3,100,1081.1158677516148,45.115942584412615,3.8633581277755966,0.25180483822146404,446.0727198213878,66.4380672932666,663.1848271154503,109.35599674311905,0.0,0.0,591.8051864921418,62.52788743832056,Both,2076.7464339381618,186.63389135563406,0.9860040903730611,0.1934247230674613,2.2111272929286484e-09,2.139715777051748e-09,0.2167601581574465,0.017335160717828164,0.173273195363607,0.09688338211919545,4738.397569998229,1122.0031130996063,False,,,,,,,,,,,False,yes_H2_CO_CH4_melt,True,Ar,none,Kress91A,Frost91,Frost91,MORB_Dixon95,Basalt_Hughes24,Basalt_Hughes24,ONeill21dil,ONeill22dil,Basalt_Hughes24,Basalt_Ardia13,Basalt_Hughes24,Ar_Basalt_HughesIP,Basalt,MORB_HughesIP,ONeill21hyd,Zajacz19_pss,False,no,False,False,Shi92,Shi92_Hughes23,Shi92_Hughes24,Shaw64,Shi92,Shi92,Shi92,Shi92,Holland91,Shi92,ideal,Ohmoto97,Ohmoto97,Ohmoto97,ONeill22,Ohmoto97,Ohmoto97,Moussallam19,Holloway92,COS,DensityX,2025-09-09 19:54:46.113334
Ala02-4,100,1103.334093582859,45.582508026112606,3.8651152490430967,0.23302112930400573,363.3776199331943,80.12635523180684,1002.1832257764255,100.48795774569429,0.0,0.0,695.3425286588031,73.05047570917519,Both,1981.5943031204035,190.78740065734996,1.1499042293265533,0.14650044300051818,1.0346248474899507e-08,1.1680038454679588e-08,0.22255063993426732,0.012814212681458964,0.30376723143803214,0.08893148230352194,5560.559844185229,1298.9264393485723,False,,,,,,,,,,,False,yes_H2_CO_CH4_melt,True,Ar,none,Kress91A,Frost91,Frost91,MORB_Dixon95,Basalt_Hughes24,Basalt_Hughes24,ONeill21dil,ONeill22dil,Basalt_Hughes24,Basalt_Ardia13,Basalt_Hughes24,Ar_Basalt_HughesIP,Basalt,MORB_HughesIP,ONeill21hyd,Zajacz19_pss,False,no,False,False,Shi92,Shi92_Hughes23,Shi92_Hughes24,Shaw64,Shi92,Shi92,Shi92,Shi92,Holland91,Shi92,ideal,Ohmoto97,Ohmoto97,Ohmoto97,ONeill22,Ohmoto97,Ohmoto97,Moussallam19,Holloway92,COS,DensityX,2025-09-09 19:56:02.046860
Ala02-5,100,1121.0749864841018,50.03585820509869,4.093004589836942,0.2566635132901097,810.3433428589656,71.14412933258103,1381.4450807546596,94.29609598771383,0.0,0.0,852.4617618165702,94.77974912316469,possible,2863.225232524312,173.8275856164688,1.0443378318877239,0.13462474628886176,1.8166630204026005e-08,2.396719775460503e-08,0.23684467218701383,0.013705512611862213,0.3802174512188687,0.07923737328613596,7010.6602396558665,1702.2178024555215,False,,,,,,,,,,,False,yes_H2_CO_CH4_melt,True,Ar,none,Kress91A,Frost91,Frost91,MORB_Dixon95,Basalt_Hughes24,Basalt_Hughes24,ONeill21dil,ONeill22dil,Basalt_Hughes24,Basalt_Ardia13,Basalt_Hughes24,Ar_Basalt_HughesIP,Basalt,MORB_HughesIP,ONeill21hyd,Zajacz19_pss,False,no,False,False,Shi92,Shi92_Hughes23,Shi92_Hughes24,Shaw64,Shi92,Shi92,Shi92,Shi92,Holland91,Shi92,ideal,Ohmoto97,Ohmoto97,Ohmoto97,ONeill22,Ohmoto97,Ohmoto97,Moussallam19,Holloway92,COS,DensityX,2025-09-09 19:57:49.963410
Ala02-7,100,1123.777389618515,49.71340862592409,3.4240857714975226,0.2389699755428157,327.65780143058214,76.05241833761833,1162.5410830910373,104.80924067301957,0.0,0.0,788.4041801633962,88.99828425360819,Both,1702.742593152925,181.97469312985794,1.0774445216738098,0.14340841798868775,1.623224840989637e-08,2.1169687533255124e-08,0.22362845860991803,0.012694916152823697,0.32070488807361935,0.08650450205200533,5985.576017367829,1475.3859780142163,False,,,,,,,,,,,False,yes_H2_CO_CH4_melt,True,Ar,none,Kress91A,Frost91,Frost91,MORB_Dixon95,Basalt_Hughes24,Basalt_Hughes24,ONeill21dil,ONeill22dil,Basalt_Hughes24,Basalt_Ardia13,Basalt_Hughes24,Ar_Basalt_HughesIP,Basalt,MORB_HughesIP,ONeill21hyd,Zajacz19_pss,False,no,False,False,Shi92,Shi92_Hughes23,Shi92_Hughes24,Shaw64,Shi92,Shi92,Shi92,Shi92,Holland91,Shi92,ideal,Ohmoto97,Ohmoto97,Ohmoto97,ONeill22,Ohmoto97,Ohmoto97,Moussallam19,Holloway92,COS,DensityX,2025-09-09 20:00:04.377098
Ala02-8,100,1121.9504326781853,47.73468502160726,3.5764431922277304,0.2843308077955759,284.6379985387162,78.61257242012424,1241.7229872382634,102.2163315243505,0.0,0.0,835.0316754814079,91.47111746320014,possible,1714.7313571367374,208.0329749734118,1.0693842359104773,0.16388647541544052,1.4863168877017741e-08,1.8668841781960136e-08,0.22692504109784617,0.014493242569295291,0.32277133182321344,0.09386914039169786,6454.92729038581,1529.5141844308191,False,,,,,,,,,,,False,yes_H2_CO_CH4_melt,True,Ar,none,Kress91A,Frost91,Frost91,MORB_Dixon95,Basalt_Hughes24,Basalt_Hughes24,ONeill21dil,ONeill22dil,Basalt_Hughes24,Basalt_Ardia13,Basalt_Hughes24,Ar_Basalt_HughesIP,Basalt,MORB_HughesIP,ONeill21hyd,Zajacz19_pss,False,no,False,False,Shi92,Shi92_Hughes23,Shi92_Hughes24,Shaw64,Shi92,Shi92,Shi92,Shi92,Holland91,Shi92,ideal,Ohmoto97,Ohmoto97,Ohmoto97,ONeill22,Ohmoto97,Ohmoto97,Moussallam19,Holloway92,COS,DensityX,2025-09-09 20:01:49.145917
Ala02-9,100,1128.531925377437,48.96083761939016,3.2820105526811596,0.23430221659877715,542.6513935949322,75.1955883556601,942.8203727221918,101.73686795663858,0.0,0.0,856.52244519122,80.61994363758357,Both,1997.7177269759866,169.83020616185294,0.8070075250472364,0.1863838273350833,6.522733453818194e-09,6.190918938730109e-09,0.20010147009058807,0.01515274632792575,0.14706112354067774,0.08346145472007153,6481.752276566432,1545.4949424027022,False,,,,,,,,,,,False,yes_H2_CO_CH4_melt,True,Ar,none,Kress91A,Frost91,Frost91,MORB_Dixon95,Basalt_Hughes24,Basalt_Hughes24,ONeill21dil,ONeill22dil,Basalt_Hughes24,Basalt_Ardia13,Basalt_Hughes24,Ar_Basalt_HughesIP,Basalt,MORB_HughesIP,ONeill21hyd,Zajacz19_pss,False,no,False,False,Shi92,Shi92_Hughes23,Shi92_Hughes24,Shaw64,Shi92,Shi92,Shi92,Shi92,Holland91,Shi92,ideal,Ohmoto97,Ohmoto97,Ohmoto97,ONeill22,Ohmoto97,Ohmoto97,Moussallam19,Holloway92,COS,DensityX,2025-09-09 20:03:35.120452
Ala02-11,100,1105.5761364311984,56.525119684454225,3.463005851033463,0.2339137343280892,1001.2613437908176,79.64303284162251,1267.7976917617893,105.09224254872898,0.0,0.0,814.5937980018231,102.56000418262721,possible,2826.42453163565,151.45937700844107,1.0435391640467047,0.16223058746436855,1.3608962567017881e-08,1.995814338782529e-08,0.2216210412545146,0.014807043611981154,0.3532689575578778,0.09509759818902395,6020.528270268804,1753.5322583779684,False,,,,,,,,,,,False,yes_H2_CO_CH4_melt,True,Ar,none,Kress91A,Frost91,Frost91,MORB_Dixon95,Basalt_Hughes24,Basalt_Hughes24,ONeill21dil,ONeill22dil,Basalt_Hughes24,Basalt_Ardia13,Basalt_Hughes24,Ar_Basalt_HughesIP,Basalt,MORB_HughesIP,ONeill21hyd,Zajacz19_pss,False,no,False,False,Shi92,Shi92_Hughes23,Shi92_Hughes24,Shaw64,Shi92,Shi92,Shi92,Shi92,Holland91,Shi92,ideal,Ohmoto97,Ohmoto97,Ohmoto97,ONeill22,Ohmoto97,Ohmoto97,Moussallam19,Holloway92,COS,DensityX,2025-09-09 20:04:56.058013
Ala02-12,100,1119.941276726391,48.281433202339514,4.093268472328923,0.24041508729996286,743.4911954271113,76.17871837278983,1311.9610069132216,100.12414937018114,0.0,0.0,830.3181569225418,86.61199979095089,possible,2749.4778156973557,177.05279371145357,1.0471851782718191,0.12579981146309874,1.618984687318916e-08,1.6973588993385293e-08,0.2360682145796633,0.012638803718070017,0.3642250393911428,0.07628410797619624,6924.527809812964,1612.788256956908,False,,,,,,,,,,,False,yes_H2_CO_CH4_melt,True,Ar,none,Kress91A,Frost91,Frost91,MORB_Dixon95,Basalt_Hughes24,Basalt_Hughes24,ONeill21dil,ONeill22dil,Basalt_Hughes24,Basalt_Ardia13,Basalt_Hughes24,Ar_Basalt_HughesIP,Basalt,MORB_HughesIP,ONeill21hyd,Zajacz19_pss,False,no,False,False,Shi92,Shi92_Hughes23,Shi92_Hughes24,Shaw64,Shi92,Shi92,Shi92,Shi92,Holland91,Shi92,ideal,Ohmoto97,Ohmoto97,Ohmoto97,ONeill22,Ohmoto97,Ohmoto97,Moussallam19,Holloway92,COS,DensityX,2025-09-09 20:07:12.335667
Ala02-15,100,1125.8345140236854,52.26639110189673,4.238662969310377,0.23878643372738403,524.7758039808346,79.64368234761861,1500.017998132164,99.38200286157137,0.0,0.0,927.6222542775066,105.69021480234474,possible,2504.8669486725134,187.29716834030964,1.0655439733919723,0.131030972484416,2.3459587866672823e-08,4.375078000834862e-08,0.2508083392916085,0.013723432463502713,0.37962456110535264,0.07483473670928975,7234.131618001621,1921.030087438913,False,,,,,,,,,,,False,yes_H2_CO_CH4_melt,True,Ar,none,Kress91A,Frost91,Frost91,MORB_Dixon95,Basalt_Hughes24,Basalt_Hughes24,ONeill21dil,ONeill22dil,Basalt_Hughes24,Basalt_Ardia13,Basalt_Hughes24,Ar_Basalt_HughesIP,Basalt,MORB_HughesIP,ONeill21hyd,Zajacz19_pss,False,no,False,False,Shi92,Shi92_Hughes23,Shi92_Hughes24,Shaw64,Shi92,Shi92,Shi92,Shi92,Holland91,Shi92,ideal,Ohmoto97,Ohmoto97,Ohmoto97,ONeill22,Ohmoto97,Ohmoto97,Moussallam19,Holloway92,COS,DensityX,2025-09-09 20:09:32.141209
Ala02-16A,100,1111.2750525137453,50.764048526792,4.329557744647572,0.25431251056101317,996.120006650357,74.00312850131202,1536.344708366492,102.38418970021893,0.0,0.0,783.6570231166241,96.86588281965507,possible,3277.004407219242,161.62119579744015,1.1931393240071277,0.12332697382670707,2.381914485068597e-08,4.5021745470211434e-08,0.2323556917914056,0.011712588746429031,0.48778589466251787,0.07102322022674067,6772.771734993677,1752.7371292661194,False,,,,,,,,,,,False,yes_H2_CO_CH4_melt,True,Ar,none,Kress91A,Frost91,Frost91,MORB_Dixon95,Basalt_Hughes24,Basalt_Hughes24,ONeill21dil,ONeill22dil,Basalt_Hughes24,Basalt_Ardia13,Basalt_Hughes24,Ar_Basalt_HughesIP,Basalt,MORB_HughesIP,ONeill21hyd,Zajacz19_pss,False,no,False,False,Shi92,Shi92_Hughes23,Shi92_Hughes24,Shaw64,Shi92,Shi92,Shi92,Shi92,Holland91,Shi92,ideal,Ohmoto97,Ohmoto97,Ohmoto97,ONeill22,Ohmoto97,Ohmoto97,Moussallam19,Holloway92,COS,DensityX,2025-09-09 20:11:24.254758
Ala03-1,100,1120.8055407834233,55.68553217772374,2.3425638075843547,0.24599639586159705,665.8531919934893,78.15606709624019,1132.608956884671,89.38592986931349,0.0,0.0,908.23250423324,98.94004681280981,Both,1819.699087291427,164.94648522281992,0.7258590588989138,0.19099582890849687,6.481881181229794e-09,7.84196215977884e-09,0.21013636799548285,0.016577360609452214,0.20613027246944282,0.09405574473170343,6262.886151806517,1776.6523581447423,False,,,,,,,,,,,False,yes_H2_CO_CH4_melt,True,Ar,none,Kress91A,Frost91,Frost91,MORB_Dixon95,Basalt_Hughes24,Basalt_Hughes24,ONeill21dil,ONeill22dil,Basalt_Hughes24,Basalt_Ardia13,Basalt_Hughes24,Ar_Basalt_HughesIP,Basalt,MORB_HughesIP,ONeill21hyd,Zajacz19_pss,False,no,False,False,Shi92,Shi92_Hughes23,Shi92_Hughes24,Shaw64,Shi92,Shi92,Shi92,Shi92,Holland91,Shi92,ideal,Ohmoto97,Ohmoto97,Ohmoto97,ONeill22,Ohmoto97,Ohmoto97,Moussallam19,Holloway92,COS,DensityX,2025-09-09 20:13:43.438672
Sari15-04-3,100,1135.7764071326158,54.647057250193,2.8774409089915114,0.24470142109415838,233.14459794344174,83.24374306995146,1320.3926743443467,97.77824093217478,0.0,0.0,1073.3916208136532,117.07932845934171,Both,1259.7911068428846,189.07284204240923,0.8834323594260111,0.16669791942573586,1.1766024980787818e-08,1.5335893872672034e-08,0.22344979197614198,0.015202191177666248,0.20018442924808352,0.07816522043489274,6859.669156526669,1857.3458849787992,False,,,,,,,,,,,False,yes_H2_CO_CH4_melt,True,Ar,none,Kress91A,Frost91,Frost91,MORB_Dixon95,Basalt_Hughes24,Basalt_Hughes24,ONeill21dil,ONeill22dil,Basalt_Hughes24,Basalt_Ardia13,Basalt_Hughes24,Ar_Basalt_HughesIP,Basalt,MORB_HughesIP,ONeill21hyd,Zajacz19_pss,False,no,False,False,Shi92,Shi92_Hughes23,Shi92_Hughes24,Shaw64,Shi92,Shi92,Shi92,Shi92,Holland91,Shi92,ideal,Ohmoto97,Ohmoto97,Ohmoto97,ONeill22,Ohmoto97,Ohmoto97,Moussallam19,Holloway92,COS,DensityX,2025-09-09 20:15:23.275051
Sari15-04-7,100,1109.4458444195527,50.87771100751184,4.780246977897939,0.23773926884428137,967.4616480838148,83.98198683745477,1369.604418856313,97.68175361965828,0.0,0.0,821.9697632151742,92.10748852003587,possible,3450.5360257749967,181.317185598573,1.119736155887883,0.12392201948099868,1.6475462834044324e-08,1.662164362613195e-08,0.2453318735909962,0.013023853014028789,0.3976742141913266,0.07319115508894776,6836.535812637485,1684.6198819095664,False,,,,,,,,,,,False,yes_H2_CO_CH4_melt,True,Ar,none,Kress91A,Frost91,Frost91,MORB_Dixon95,Basalt_Hughes24,Basalt_Hughes24,ONeill21dil,ONeill22dil,Basalt_Hughes24,Basalt_Ardia13,Basalt_Hughes24,Ar_Basalt_HughesIP,Basalt,MORB_HughesIP,ONeill21hyd,Zajacz19_pss,False,no,False,False,Shi92,Shi92_Hughes23,Shi92_Hughes24,Shaw64,Shi92,Shi92,Shi92,Shi92,Holland91,Shi92,ideal,Ohmoto97,Ohmoto97,Ohmoto97,ONeill22,Ohmoto97,Ohmoto97,Moussallam19,Holloway92,COS,DensityX,2025-09-09 20:17:01.168574
Sari15-04-10,100,1112.952119313181,47.39410459096782,3.6167950026644107,0.21608793183288727,279.7856314704927,81.49207959020403,1239.203987072419,85.7381426046886,0.0,0.0,905.9220203960706,90.83187089727117,Both,1722.3820875920794,179.97741370442662,1.048750329129334,0.15669101124249754,9.478887843998255e-09,1.1895455354455731e-08,0.23093675308566783,0.014044179041022948,0.26831129789433167,0.08539760015937341,6287.518289774176,1636.0228977317095,False,,,,,,,,,,,False,yes_H2_CO_CH4_melt,True,Ar,none,Kress91A,Frost91,Frost91,MORB_Dixon95,Basalt_Hughes24,Basalt_Hughes24,ONeill21dil,ONeill22dil,Basalt_Hughes24,Basalt_Ardia13,Basalt_Hughes24,Ar_Basalt_HughesIP,Basalt,MORB_HughesIP,ONeill21hyd,Zajacz19_pss,False,no,False,False,Shi92,Shi92_Hughes23,Shi92_Hughes24,Shaw64,Shi92,Shi92,Shi92,Shi92,Holland91,Shi92,ideal,Ohmoto97,Ohmoto97,Ohmoto97,ONeill22,Ohmoto97,Ohmoto97,Moussallam19,Holloway92,COS,DensityX,2025-09-09 20:19:42.006488
Sari15-04-11,100,1109.0498687969607,48.19401939691309,3.870095604840838,0.21819970291658272,549.0965375894874,63.11649325637466,1438.9021953772572,99.61464546837777,0.0,0.0,838.212868782473,86.86860613703732,possible,2332.4662973556533,168.08853942185232,1.1686776732121864,0.13161488400691665,1.4500911577053436e-08,1.5553803905688283e-08,0.24425035211820129,0.013434113634155965,0.41414923517407864,0.07874873047455157,6142.782334711977,1476.1821355353618,False,,,,,,,,,,,False,yes_H2_CO_CH4_melt,True,Ar,none,Kress91A,Frost91,Frost91,MORB_Dixon95,Basalt_Hughes24,Basalt_Hughes24,ONeill21dil,ONeill22dil,Basalt_Hughes24,Basalt_Ardia13,Basalt_Hughes24,Ar_Basalt_HughesIP,Basalt,MORB_HughesIP,ONeill21hyd,Zajacz19_pss,False,no,False,False,Shi92,Shi92_Hughes23,Shi92_Hughes24,Shaw64,Shi92,Shi92,Shi92,Shi92,Holland91,Shi92,ideal,Ohmoto97,Ohmoto97,Ohmoto97,ONeill22,Ohmoto97,Ohmoto97,Moussallam19,Holloway92,COS,DensityX,2025-09-09 20:21:31.040893
Sari15-04-13,100,1103.9700723221058,54.267204092047,3.7684949349999552,0.24575084165001024,371.7253937631833,77.80136322244792,1326.7564563942133,105.6698330817239,0.0,0.0,857.6676853308307,102.14034975889831,possible,1978.4942787205703,206.72002792324787,1.1419328659819308,0.1612238389023288,1.3095253008222134e-08,1.8741013780414305e-08,0.23899706780010296,0.015482865712101454,0.3498611318118976,0.09141615549465974,6085.330270620722,1684.433356970028,False,,,,,,,,,,,False,yes_H2_CO_CH4_melt,True,Ar,none,Kress91A,Frost91,Frost91,MORB_Dixon95,Basalt_Hughes24,Basalt_Hughes24,ONeill21dil,ONeill22dil,Basalt_Hughes24,Basalt_Ardia13,Basalt_Hughes24,Ar_Basalt_HughesIP,Basalt,MORB_HughesIP,ONeill21hyd,Zajacz19_pss,False,no,False,False,Shi92,Shi92_Hughes23,Shi92_Hughes24,Shaw64,Shi92,Shi92,Shi92,Shi92,Holland91,Shi92,ideal,Ohmoto97,Ohmoto97,Ohmoto97,ONeill22,Ohmoto97,Ohmoto97,Moussallam19,Holloway92,COS,DensityX,2025-09-09 20:23:40.258038
Sari15-04-15,100,1109.759941631673,46.98763718062968,3.3846564061114672,0.24286240803616535,500.19924422388544,75.44732150742618,1377.2884951614078,83.85880483795134,0.0,0.0,923.2937368141651,94.77887282287239,possible,1997.2246964745561,173.3613550240516,1.05804405134711,0.14004654433077224,1.1209945523183771e-08,1.5370826210405346e-08,0.2378033032075636,0.013569428429917431,0.32713876041783013,0.08010322242033945,6099.981483665225,1473.8762707053459,False,,,,,,,,,,,False,yes_H2_CO_CH4_melt,True,Ar,none,Kress91A,Frost91,Frost91,MORB_Dixon95,Basalt_Hughes24,Basalt_Hughes24,ONeill21dil,ONeill22dil,Basalt_Hughes24,Basalt_Ardia13,Basalt_Hughes24,Ar_Basalt_HughesIP,Basalt,MORB_HughesIP,ONeill21hyd,Zajacz19_pss,False,no,False,False,Shi92,Shi92_Hughes23,Shi92_Hughes24,Shaw64,Shi92,Shi92,Shi92,Shi92,Holland91,Shi92,ideal,Ohmoto97,Ohmoto97,Ohmoto97,ONeill22,Ohmoto97,Ohmoto97,Moussallam19,Holloway92,COS,DensityX,2025-09-09 20:25:31.758443
Sari15-04-17,100,1118.559623966207,50.08717132441848,2.9109025101726234,0.26835171893339704,73.97763594158808,61.55776701933993,1200.804073409101,93.68075997083137,0.0,0.0,952.7095842672585,96.86020675755964,Both,967.9031353445322,184.72036741936205,0.9492006971485285,0.18772968579713417,7.507462814696003e-09,8.669033631649147e-09,0.2253370097074206,0.016572925002421652,0.21154729450482207,0.09010026889969214,6144.021099389617,1576.786405799154,False,,,,,,,,,,,False,yes_H2_CO_CH4_melt,True,Ar,none,Kress91A,Frost91,Frost91,MORB_Dixon95,Basalt_Hughes24,Basalt_Hughes24,ONeill21dil,ONeill22dil,Basalt_Hughes24,Basalt_Ardia13,Basalt_Hughes24,Ar_Basalt_HughesIP,Basalt,MORB_HughesIP,ONeill21hyd,Zajacz19_pss,False,no,False,False,Shi92,Shi92_Hughes23,Shi92_Hughes24,Shaw64,Shi92,Shi92,Shi92,Shi92,Holland91,Shi92,ideal,Ohmoto97,Ohmoto97,Ohmoto97,ONeill22,Ohmoto97,Ohmoto97,Moussallam19,Holloway92,COS,DensityX,2025-09-09 20:27:26.225626
Sari15-04-18,100,1131.5936528252369,49.17049778148986,3.206294561967127,0.23697169287416553,75.7798434106531,61.37397969320694,1242.1613144508995,93.61350364241545,0.0,0.0,997.950807069386,103.76931965136173,Both,1115.3433190747514,173.3363308245884,0.9153142542186188,0.17702259941445841,1.0617788447739723e-08,1.0695909112204417e-08,0.22763552524347505,0.016185522382085905,0.2000377742820941,0.08321953912514035,6748.946649491823,1598.8738799908056,False,,,,,,,,,,,False,yes_H2_CO_CH4_melt,True,Ar,none,Kress91A,Frost91,Frost91,MORB_Dixon95,Basalt_Hughes24,Basalt_Hughes24,ONeill21dil,ONeill22dil,Basalt_Hughes24,Basalt_Ardia13,Basalt_Hughes24,Ar_Basalt_HughesIP,Basalt,MORB_HughesIP,ONeill21hyd,Zajacz19_pss,False,no,False,False,Shi92,Shi92_Hughes23,Shi92_Hughes24,Shaw64,Shi92,Shi92,Shi92,Shi92,Holland91,Shi92,ideal,Ohmoto97,Ohmoto97,Ohmoto97,ONeill22,Ohmoto97,Ohmoto97,Moussallam19,Holloway92,COS,DensityX,2025-09-09 20:28:57.026917
Sari15-04-21,100,1123.442798810564,45.87826972770141,2.639736881482107,0.264957169499037,120.01773624991868,67.96436004507369,1389.7370532910118,102.53929951305535,0.0,0.0,1017.3711760644671,93.02638993307565,possible,954.1680636344156,187.19018225453019,1.0040231631466439,0.16034141091120616,1.129899956717736e-08,1.3299909011876372e-08,0.2301091877979883,0.01456282776914754,0.26397635026034655,0.08664004672219296,6101.799321949043,1414.2181973080783,False,,,,,,,,,,,False,yes_H2_CO_CH4_melt,True,Ar,none,Kress91A,Frost91,Frost91,MORB_Dixon95,Basalt_Hughes24,Basalt_Hughes24,ONeill21dil,ONeill22dil,Basalt_Hughes24,Basalt_Ardia13,Basalt_Hughes24,Ar_Basalt_HughesIP,Basalt,MORB_HughesIP,ONeill21hyd,Zajacz19_pss,False,no,False,False,Shi92,Shi92_Hughes23,Shi92_Hughes24,Shaw64,Shi92,Shi92,Shi92,Shi92,Holland91,Shi92,ideal,Ohmoto97,Ohmoto97,Ohmoto97,ONeill22,Ohmoto97,Ohmoto97,Moussallam19,Holloway92,COS,DensityX,2025-09-09 20:30:33.608720
Sari15-04-22,100,1111.4715287986382,49.16793449775581,3.0124866085762214,0.2642971804506233,89.37598784434468,67.79285593855025,1389.8866120173277,101.62440061667644,0.0,0.0,964.4914648121655,104.30012300115132,possible,1067.5576052697675,189.44779826191328,1.0741026082579064,0.15727545349976335,1.0877989611064654e-08,1.6807811941175528e-08,0.2392036362863819,0.01491965499312677,0.3028636260892372,0.08591836206929875,5978.384647342958,1516.9580315551611,False,,,,,,,,,,,False,yes_H2_CO_CH4_melt,True,Ar,none,Kress91A,Frost91,Frost91,MORB_Dixon95,Basalt_Hughes24,Basalt_Hughes24,ONeill21dil,ONeill22dil,Basalt_Hughes24,Basalt_Ardia13,Basalt_Hughes24,Ar_Basalt_HughesIP,Basalt,MORB_HughesIP,ONeill21hyd,Zajacz19_pss,False,no,False,False,Shi92,Shi92_Hughes23,Shi92_Hughes24,Shaw64,Shi92,Shi92,Shi92,Shi92,Holland91,Shi92,ideal,Ohmoto97,Ohmoto97,Ohmoto97,ONeill22,Ohmoto97,Ohmoto97,Moussallam19,Holloway92,COS,DensityX,2025-09-09 20:32:18.936342
Sari15-04-23,100,1121.4653266082596,41.93537333687243,2.7019098041269274,0.2461772344737856,115.92681474027445,70.74020729979301,1300.9473337794766,91.7140959160589,0.0,0.0,1029.8623834932691,92.5324886495723,Both,953.0631495610578,183.91012405056662,0.9184831895908944,0.18519987769122384,7.476862933137907e-09,6.761896022907407e-09,0.22673423486865063,0.016182804734388524,0.20665754151764437,0.08880806344342433,6309.257525601874,1307.0682153697812,False,,,,,,,,,,,False,yes_H2_CO_CH4_melt,True,Ar,none,Kress91A,Frost91,Frost91,MORB_Dixon95,Basalt_Hughes24,Basalt_Hughes24,ONeill21dil,ONeill22dil,Basalt_Hughes24,Basalt_Ardia13,Basalt_Hughes24,Ar_Basalt_HughesIP,Basalt,MORB_HughesIP,ONeill21hyd,Zajacz19_pss,False,no,False,False,Shi92,Shi92_Hughes23,Shi92_Hughes24,Shaw64,Shi92,Shi92,Shi92,Shi92,Holland91,Shi92,ideal,Ohmoto97,Ohmoto97,Ohmoto97,ONeill22,Ohmoto97,Ohmoto97,Moussallam19,Holloway92,COS,DensityX,2025-09-09 20:33:53.954895
Sari15-04-24,100,1129.3064847899032,48.52321965711388,3.8029723908792676,0.26047720702010857,858.59112448136,79.7826261903483,1251.681792046034,109.54529765125314,0.0,0.0,898.4136191101429,93.32930889940664,possible,2773.172673168334,160.86516969128192,0.9312590755137666,0.17394127809036164,1.5531112953028845e-08,1.577340449358356e-08,0.22327328776155508,0.01566238899112429,0.27664502082675385,0.09831101418126083,6917.394573879924,1576.2098590559126,False,,,,,,,,,,,False,yes_H2_CO_CH4_melt,True,Ar,none,Kress91A,Frost91,Frost91,MORB_Dixon95,Basalt_Hughes24,Basalt_Hughes24,ONeill21dil,ONeill22dil,Basalt_Hughes24,Basalt_Ardia13,Basalt_Hughes24,Ar_Basalt_HughesIP,Basalt,MORB_HughesIP,ONeill21hyd,Zajacz19_pss,False,no,False,False,Shi92,Shi92_Hughes23,Shi92_Hughes24,Shaw64,Shi92,Shi92,Shi92,Shi92,Holland91,Shi92,ideal,Ohmoto97,Ohmoto97,Ohmoto97,ONeill22,Ohmoto97,Ohmoto97,Moussallam19,Holloway92,COS,DensityX,2025-09-09 20:35:30.325110
Sari15-04-25,100,1107.3063501670106,52.26292277113243,3.2381016261310127,0.2414004002016812,390.6464545707447,75.14184490223231,1291.3694065385162,96.20454360815953,0.0,0.0,914.5019063958143,102.2326722241784,possible,1728.518977342608,173.90942505277877,1.0462515258725635,0.1524931970655621,1.0794964931016388e-08,1.5557444868041542e-08,0.23065402583261657,0.014754684521045931,0.2893187021054631,0.08375869663628549,5949.620402090788,1555.348932174424,False,,,,,,,,,,,False,yes_H2_CO_CH4_melt,True,Ar,none,Kress91A,Frost91,Frost91,MORB_Dixon95,Basalt_Hughes24,Basalt_Hughes24,ONeill21dil,ONeill22dil,Basalt_Hughes24,Basalt_Ardia13,Basalt_Hughes24,Ar_Basalt_HughesIP,Basalt,MORB_HughesIP,ONeill21hyd,Zajacz19_pss,False,no,False,False,Shi92,Shi92_Hughes23,Shi92_Hughes24,Shaw64,Shi92,Shi92,Shi92,Shi92,Holland91,Shi92,ideal,Ohmoto97,Ohmoto97,Ohmoto97,ONeill22,Ohmoto97,Ohmoto97,Moussallam19,Holloway92,COS,DensityX,2025-09-09 20:37:47.255241
Sari15-04-27,100,1128.0866901105633,49.333305594015584,3.997705292359208,0.2839817931549263,238.52496919996528,73.73614626218703,1487.8872917053782,109.16020802441585,0.0,0.0,910.3230477944855,100.73841827847643,possible,1891.6825933536977,219.30877862229136,1.1391584727209978,0.13837291351284703,2.37183592420905e-08,3.589370135945527e-08,0.2430659104710083,0.013334466436891302,0.3846286198588398,0.08508140373693733,6896.566926439224,1699.0337578449332,False,,,,,,,,,,,False,yes_H2_CO_CH4_melt,True,Ar,none,Kress91A,Frost91,Frost91,MORB_Dixon95,Basalt_Hughes24,Basalt_Hughes24,ONeill21dil,ONeill22dil,Basalt_Hughes24,Basalt_Ardia13,Basalt_Hughes24,Ar_Basalt_HughesIP,Basalt,MORB_HughesIP,ONeill21hyd,Zajacz19_pss,False,no,False,False,Shi92,Shi92_Hughes23,Shi92_Hughes24,Shaw64,Shi92,Shi92,Shi92,Shi92,Holland91,Shi92,ideal,Ohmoto97,Ohmoto97,Ohmoto97,ONeill22,Ohmoto97,Ohmoto97,Moussallam19,Holloway92,COS,DensityX,2025-09-09 20:39:34.892891
Sari15-04-29,100,1122.541285128008,49.49927919298708,4.1535015544764855,0.24750638974396846,713.4777646570676,74.91092193334968,1483.16877763082,101.49326642078059,0.0,0.0,893.5360215405865,100.6170176803852,possible,2746.977812568147,175.07978990064203,1.0833741544115632,0.12592302955685875,2.1078254917391594e-08,2.7051599374095242e-08,0.24361978209315396,0.012614492657531163,0.39555744589315656,0.07380852328905202,6911.7447874319505,1710.788935987857,False,,,,,,,,,,,False,yes_H2_CO_CH4_melt,True,Ar,none,Kress91A,Frost91,Frost91,MORB_Dixon95,Basalt_Hughes24,Basalt_Hughes24,ONeill21dil,ONeill22dil,Basalt_Hughes24,Basalt_Ardia13,Basalt_Hughes24,Ar_Basalt_HughesIP,Basalt,MORB_HughesIP,ONeill21hyd,Zajacz19_pss,False,no,False,False,Shi92,Shi92_Hughes23,Shi92_Hughes24,Shaw64,Shi92,Shi92,Shi92,Shi92,Holland91,Shi92,ideal,Ohmoto97,Ohmoto97,Ohmoto97,ONeill22,Ohmoto97,Ohmoto97,Moussallam19,Holloway92,COS,DensityX,2025-09-09 20:41:26.279843
Sari15-04-30,100,1137.6811986584821,49.17777816130847,4.286225870193878,0.24692057534470715,392.4740148586264,76.50083669448313,1455.4984400158091,113.51594174766701,0.0,0.0,933.6008749291317,95.57769253439217,possible,2314.8986529287545,195.6454006936585,1.0723121233635866,0.13976080360840357,2.6487834536421944e-08,2.911748300817102e-08,0.24280514172712875,0.0137967729808168,0.3541544279680427,0.0870454779937006,7485.1210284164135,1739.5813240251239,False,,,,,,,,,,,False,yes_H2_CO_CH4_melt,True,Ar,none,Kress91A,Frost91,Frost91,MORB_Dixon95,Basalt_Hughes24,Basalt_Hughes24,ONeill21dil,ONeill22dil,Basalt_Hughes24,Basalt_Ardia13,Basalt_Hughes24,Ar_Basalt_HughesIP,Basalt,MORB_HughesIP,ONeill21hyd,Zajacz19_pss,False,no,False,False,Shi92,Shi92_Hughes23,Shi92_Hughes24,Shaw64,Shi92,Shi92,Shi92,Shi92,Holland91,Shi92,ideal,Ohmoto97,Ohmoto97,Ohmoto97,ONeill22,Ohmoto97,Ohmoto97,Moussallam19,Holloway92,COS,DensityX,2025-09-09 20:43:43.631740
Sari15-04-31A,100,1128.4748362225575,48.55140888320438,3.80474531537875,0.2463628072323552,628.3256550392334,77.14320485890384,1481.9922246659191,90.10661134405447,0.0,0.0,937.6348074922615,90.50369317478138,possible,2434.0023309750577,183.9162538683651,1.0522434912602194,0.12383583242861805,2.0831944074634263e-08,2.4479388684078957e-08,0.2365691141905753,0.01175980355360736,0.36499710450669454,0.07338531940331926,7031.055774224653,1744.9793778625974,False,,,,,,,,,,,False,yes_H2_CO_CH4_melt,True,Ar,none,Kress91A,Frost91,Frost91,MORB_Dixon95,Basalt_Hughes24,Basalt_Hughes24,ONeill21dil,ONeill22dil,Basalt_Hughes24,Basalt_Ardia13,Basalt_Hughes24,Ar_Basalt_HughesIP,Basalt,MORB_HughesIP,ONeill21hyd,Zajacz19_pss,False,no,False,False,Shi92,Shi92_Hughes23,Shi92_Hughes24,Shaw64,Shi92,Shi92,Shi92,Shi92,Holland91,Shi92,ideal,Ohmoto97,Ohmoto97,Ohmoto97,ONeill22,Ohmoto97,Ohmoto97,Moussallam19,Holloway92,COS,DensityX,2025-09-09 20:45:50.879270
Sari15-04-33,100,1101.0202006988038,48.91759294137465,4.166745955029626,0.2289313501537575,1476.8396030707913,75.88427479044594,1354.689782039639,98.48350403021097,0.0,0.0,716.6346941877326,82.19586416166231,possible,3804.3146736889144,154.12632863910014,1.1534995404916082,0.11566840828270236,1.5502632700027e-08,1.8941466532066367e-08,0.23190049746212607,0.01144527964935162,0.4692463947759826,0.06446652148246385,5668.377446902517,1391.1388188265398,False,,,,,,,,,,,False,yes_H2_CO_CH4_melt,True,Ar,none,Kress91A,Frost91,Frost91,MORB_Dixon95,Basalt_Hughes24,Basalt_Hughes24,ONeill21dil,ONeill22dil,Basalt_Hughes24,Basalt_Ardia13,Basalt_Hughes24,Ar_Basalt_HughesIP,Basalt,MORB_HughesIP,ONeill21hyd,Zajacz19_pss,False,no,False,False,Shi92,Shi92_Hughes23,Shi92_Hughes24,Shaw64,Shi92,Shi92,Shi92,Shi92,Holland91,Shi92,ideal,Ohmoto97,Ohmoto97,Ohmoto97,ONeill22,Ohmoto97,Ohmoto97,Moussallam19,Holloway92,COS,DensityX,2025-09-09 20:47:58.317938
Sari15-04-34,100,1130.2428430964756,51.90197283094898,3.802559947818543,0.2350719943560064,1106.0183733592792,69.89690820912381,1627.3975806066105,102.6927646114772,0.0,0.0,940.2721834350507,108.29671312613472,possible,3173.315197702258,151.97463666676035,1.0375699012241315,0.1267234512779595,2.6452038663002943e-08,3.924244063914785e-08,0.23393041013321492,0.012397523195699575,0.42019181042599785,0.07391497199870779,7105.056891486536,1788.5433289579978,False,,,,,,,,,,,False,yes_H2_CO_CH4_melt,True,Ar,none,Kress91A,Frost91,Frost91,MORB_Dixon95,Basalt_Hughes24,Basalt_Hughes24,ONeill21dil,ONeill22dil,Basalt_Hughes24,Basalt_Ardia13,Basalt_Hughes24,Ar_Basalt_HughesIP,Basalt,MORB_HughesIP,ONeill21hyd,Zajacz19_pss,False,no,False,False,Shi92,Shi92_Hughes23,Shi92_Hughes24,Shaw64,Shi92,Shi92,Shi92,Shi92,Holland91,Shi92,ideal,Ohmoto97,Ohmoto97,Ohmoto97,ONeill22,Ohmoto97,Ohmoto97,Moussallam19,Holloway92,COS,DensityX,2025-09-09 20:50:52.763159
Sari15-04-36,100,1104.9638488112516,50.24402371259774,3.7175276540208224,0.23696165042236514,257.9571864165584,75.69179420561784,1462.701132720448,94.22420622457088,0.0,0.0,840.3168914439467,96.64810953222734,possible,1769.7522188453133,178.6117357839085,1.242186212725615,0.13314239167650943,1.7689228483250035e-08,4.7585261889410395e-08,0.24444503265709008,0.012691562562841706,0.4233514745909436,0.07474542903821925,5915.270495978445,1609.8594192183275,False,,,,,,,,,,,False,yes_H2_CO_CH4_melt,True,Ar,none,Kress91A,Frost91,Frost91,MORB_Dixon95,Basalt_Hughes24,Basalt_Hughes24,ONeill21dil,ONeill22dil,Basalt_Hughes24,Basalt_Ardia13,Basalt_Hughes24,Ar_Basalt_HughesIP,Basalt,MORB_HughesIP,ONeill21hyd,Zajacz19_pss,False,no,False,False,Shi92,Shi92_Hughes23,Shi92_Hughes24,Shaw64,Shi92,Shi92,Shi92,Shi92,Holland91,Shi92,ideal,Ohmoto97,Ohmoto97,Ohmoto97,ONeill22,Ohmoto97,Ohmoto97,Moussallam19,Holloway92,COS,DensityX,2025-09-09 20:53:31.085332
